transaction_id,customer_id,amount,timestamp,merchant
1fe68c48-dcf1-4006-b96c-9efe96a7a223,C49401,0.0,2026-01-16 02:32:56.797609,STORE_48
f7beab4f-125e-49a3-a155-c068dad29ae5,C54231,0.0,2024-07-14 02:05:34.823887,STORE_31
b0e91878-de5c-45c9-b661-dec611da5e74,C43260,0.0,2025-06-24 21:34:23.288644,STORE_28
338b19d0-e6fe-4946-b4f6-cf3b1cc7358f,C84973,-61.6351198464962,2026-03-28 09:19:17.188199,STORE_6
c82c40c7-4def-4316-ad6b-a8b3894d8420,C49288,132.07,2025-07-02 02:04:22.209361,STORE_13
cdc0e1ba-a04b-45b1-afc7-080547ac9c45,C74229,-56.98117233285725,2025-12-08 06:02:06.778165,STORE_49
cf82a0bf-c726-43b4-bdf6-0e82ab186c2b,C83618,-77.45495181717338,2025-12-27 15:40:48.287929,STORE_18
41e74d14-4c3a-4e06-8661-cb708105dc46,C68769,294.44,2026-03-06 10:41:16.124922,STORE_40
98b75c5d-d5d4-42e4-9f8f-b4645c0cc1f6,C77361,0.0,2025-10-27 18:32:04.588812,STORE_24
508b3395-8831-457a-b5b6-02dc91423017,C69816,0.0,2024-08-18 02:59:08.995757,STORE_23
f0bfff56-8ded-4a67-8212-179fea7ae441,C54639,35.86,2025-12-23 05:22:11.229398,STORE_31
7a90f8b1-2458-4369-a8eb-0d5eb8fe235b,C70673,-54.696521081949015,2025-10-24 12:47:27.582165,STORE_22
2b43a338-b129-44eb-956b-71331c77c57a,C91598,0.0,2024-09-24 19:23:59.193029,STORE_32
185c0ea1-77b6-45a9-b6ac-7457fa365573,C98056,321.12,2024-09-07 12:22:57.512218,STORE_33
386cc576-3c13-4c78-8af7-f3cb8749e165,C14975,0.0,2025-07-11 05:50:48.237075,STORE_41
e7b4f9e0-3d72-4dbb-aa13-1a58372e70c5,C36629,0.0,2025-04-24 19:56:43.529168,STORE_35
5b5f0b2a-9ec2-4e52-82e1-4e61989b476b,C41469,0.0,2025-04-25 09:51:11.748354,STORE_29
3d6a347a-b40f-4de2-ae9d-fcda78250e73,C41039,158.47,2024-09-01 22:29:28.676999,STORE_46
a2855c79-7d82-4e35-8630-bf26285810cf,C66293,-8.61677872389635,2024-07-26 13:10:26.177021,STORE_44
77922313-2c7e-40f0-8ff0-bcadc2c2bbff,C96119,-14.620367530124765,2026-03-12 11:16:01.406689,STORE_29
dee09b93-25d1-4a8f-a9a7-4636c58c5293,C16894,-6.842688288741556,2024-11-19 07:47:47.583798,STORE_20
b6fa0572-8a3f-451e-88cc-ed5dd5f93590,C56964,-81.79732974192332,2025-11-26 19:16:57.246264,STORE_17
aea37274-593a-40e5-84b5-af2af410fdcd,C50445,-85.39394944820448,2026-02-06 16:45:44.071339,STORE_19
2415e6ab-9763-461d-aa5f-154bb618ddb1,C10359,470.62,2025-08-16 18:48:15.214848,STORE_34
87d80333-569e-444c-a464-4ae9caf579c1,C52946,-98.7074066018842,2024-09-26 20:56:01.314503,STORE_12
b2850acd-fa2a-46d8-93fc-2bd9f3921ff4,C12542,-47.9121948133198,2026-02-20 19:05:18.728621,STORE_35
769d3ef2-43f8-4f89-b7bc-e998c8156bc6,C41312,-79.8335051965085,2025-04-15 22:58:29.496977,STORE_33
4fe707c3-529e-4a1a-b4d5-2c8ca98b5a20,C35341,-90.05614521251188,2025-05-13 09:52:42.589908,STORE_44
c849146e-8996-4e12-b59b-eae27978bc39,C50611,0.0,2024-06-08 19:41:10.178011,STORE_9
aeef6c01-d47e-4212-9c11-5ad22c6f8838,C20399,203.17,2024-06-06 17:18:39.081924,STORE_32
3c0431f1-c200-4cb6-a499-b6020777d7f5,C45409,365.56,2026-01-11 20:25:11.670156,STORE_39
4ad6fb05-ee5c-4b6c-86a3-aee0ad24c202,C62803,-28.327689451935935,2024-11-23 06:05:19.545098,STORE_2
60fe3204-c4de-44d4-8862-1ce3a2df0c36,C67551,143.95,2024-12-02 15:14:35.886081,STORE_19
8bac8454-216a-4a5a-9a70-cbfcd78bd669,C18094,-56.21348403907942,2025-04-06 20:00:00.913962,STORE_22
b014281e-fca2-4186-97e6-5fb97fd9d3d7,C65939,0.0,2024-06-22 06:25:15.201222,STORE_24
475fb71f-264c-4eca-9595-1ab9b2923566,C56353,0.0,2025-02-03 13:47:37.154913,STORE_18
77442c92-a391-4f6f-9a42-9f215e8ac32d,C99132,-62.844411526621954,2024-10-30 05:14:59.545447,STORE_44
4f0c3fd3-e4df-4671-a522-83027446ad45,C71548,0.0,2024-05-14 14:02:19.126963,STORE_1
9aa33cc8-1215-4b94-9c7e-7bcf990abad8,C88848,0.0,2024-05-18 20:10:35.537324,STORE_44
92e629a1-c0b9-4c8e-bde1-bcac5fe05c00,C44572,411.04,2025-03-23 09:59:36.891437,STORE_48
341e2f4e-7c83-44df-a4de-1fa7b131e677,C82581,-59.56153549371659,2025-04-27 13:14:21.441245,STORE_3
9242c8a4-1e72-4c39-b77f-2040f1967638,C57229,0.0,2026-01-11 13:16:02.523019,STORE_45
9ef17711-7ac1-466e-bd9d-27f34e11659a,C32856,0.0,2025-11-21 10:31:34.556745,STORE_9
9643a6ca-befa-4410-875b-a270e43fecbd,C81778,-89.61785390569631,2025-10-26 15:20:05.415206,STORE_14
a70865c7-bee3-4df2-9f7a-8ca1d6898de9,C97887,78.13,2025-10-11 14:42:42.802563,STORE_27
703459a9-4528-47de-bb16-050b1f1c0402,C45868,-6.84154294630204,2024-08-13 04:48:57.345297,STORE_44
757dd1c2-4a6e-460a-a2ca-0abdd8afffb1,C88499,-31.32050750148867,2024-10-29 17:13:22.351347,STORE_16
eaa7d2dc-e66e-4777-86b1-b77cc4ffcfa6,C67639,95.1,2024-05-04 23:09:21.030279,STORE_4
8f46ab8c-a259-4654-ad6c-2cab2983eb02,C78833,220.51,2025-10-19 14:21:02.443914,STORE_45
f4eb8671-2332-456f-85fb-06ced64b78b3,C50358,499.43,2026-02-21 12:51:11.041014,STORE_50
b065e9f9-61cc-4d6a-a9c3-56617b8c886c,C16903,0.0,2025-11-18 07:40:41.925781,STORE_6
e8d6e119-3c80-4c50-bdce-a6e12d0dc69c,C99695,327.56,2025-03-21 18:51:25.891738,STORE_50
3a2c98d1-6330-4e7b-bd02-6fe578363fee,C67248,-32.33915216972111,2025-01-25 14:32:48.544012,STORE_2
e5b6a771-6979-41f4-ab8c-e79a7f4db79f,C14467,130.71,2024-11-04 01:29:32.751632,STORE_30
7821a53e-b898-4ad5-b241-b684495c7fb3,C74933,47.64,2024-10-15 22:48:02.819351,STORE_13
7e20e10a-9d5c-452a-8ee0-fb29aaca23a2,C24077,-38.235626855968974,2024-07-06 02:23:35.153785,STORE_29
51aedd8e-e8ec-4123-80d9-b16e72141eca,C47979,0.0,2025-06-11 22:10:40.990269,STORE_46
76a38469-5808-4ff3-a954-679482224e74,C49731,381.47,2025-06-20 17:04:13.339921,STORE_13
d485a208-efdf-48e4-bce6-4d170b1e7bdb,C83818,0.0,2026-01-05 15:03:06.864796,STORE_29
3941c49b-b6cc-4b3c-96f3-c888059f40d9,C65792,-86.623100003393,2024-10-31 15:40:18.295460,STORE_8
7b1a6e8c-8551-46b2-a622-53bcc847f746,C56789,0.0,2025-11-28 22:49:38.804590,STORE_18
83d7525a-0226-4069-928e-ba928e0b76e6,C40548,-12.799613163362983,2025-07-18 05:30:35.911285,STORE_40
a642d138-f040-4659-8701-fc464aba4bc2,C25643,0.0,2025-08-06 12:48:53.985751,STORE_43
895ec6e2-7b83-4d84-9399-624791a54ac7,C10187,0.0,2026-01-05 21:28:43.133915,STORE_28
c4a30021-c244-4c3f-8c72-d424dd053d65,C92930,-72.16366573039507,2025-07-01 15:54:40.590972,STORE_39
57751bc1-aa0b-4414-a330-c02c084d6730,C99442,237.42,2024-10-05 12:31:56.292059,STORE_29
4325b5ce-2eb6-461a-92e3-e51e416eab46,C74879,-61.60179530700664,2024-10-09 06:02:56.829780,STORE_25
cb467c83-42cd-4658-b8be-7acef9e95a88,C38538,0.0,2024-08-04 19:19:22.104656,STORE_23
274ba268-0311-4204-82be-3ab16904246b,C53529,-38.80618079414026,2024-04-18 13:39:58.052110,STORE_6
ebd9fdb8-a3d6-42a6-ae3b-fcc660c5c0c9,C67714,0.0,2025-06-04 00:30:51.790967,STORE_19
978c1620-c8f8-457d-945c-58bd6574aae0,C27405,0.0,2024-10-19 21:52:44.917824,STORE_27
8a23fa96-8ffd-479e-ada1-ae15ce38d56f,C91611,-15.552423426549804,2025-05-11 21:55:22.715466,STORE_41
097aae4f-1cbe-4bee-ab80-c55a7f7bb14a,C84741,428.66,2025-02-07 06:21:36.783994,STORE_34
73265976-9ed9-4f95-8b31-46da9b15f0d0,C46026,0.0,2025-03-27 04:01:55.755003,STORE_8
f1a2bf3c-8190-4051-ba23-48bc62531265,C42906,-69.67586643208195,2024-11-21 07:49:15.562277,STORE_6
58785335-1aed-46aa-a98f-5c0ad51e33cc,C68867,328.99,2025-01-24 16:17:38.258407,STORE_8
f786ccce-2850-4fbe-892a-54119387e34d,C24323,-17.49226611880486,2024-09-18 00:43:02.399585,STORE_31
1d25566a-796a-498f-80e1-19cb998c1dcd,C40683,-47.19028294504486,2025-01-02 01:20:01.298004,STORE_10
5b7994fe-0206-4997-9eb7-695f63b3df67,C31880,0.0,2026-02-27 00:46:18.629906,STORE_17
7dd40d71-5917-47f9-9cef-8e976602947c,C66332,0.0,2025-07-19 01:49:41.505180,STORE_14
edf452ed-6794-4b06-bd17-f09f7df2edf3,C74565,-11.537139748996745,2025-08-29 08:42:50.934000,STORE_5
60ef2cdc-c418-4aab-bc5c-5ea61abf5503,C80978,15.01,2025-06-10 07:27:54.839615,STORE_38
2fd14344-4325-4b8c-a75c-45e1c0e895d4,C62427,483.67,2024-04-07 04:16:41.131763,STORE_11
ba6a675a-1721-4564-b2e3-2ce0b91383a6,C13592,0.0,2026-01-20 09:46:06.565990,STORE_34
866c20a2-6739-4304-94c6-cce7ee59ed5d,C42365,-30.185232205987017,2025-09-03 00:53:25.145478,STORE_34
4fced5ed-6f42-4da1-b061-cbd88674565e,C76611,0.0,2025-07-27 23:28:34.196283,STORE_39
51708001-8d72-4455-b30e-4202807ce1a1,C69595,290.88,2024-11-30 03:29:05.578163,STORE_8
a3568745-5799-405b-a06c-2562df509df7,C63992,0.0,2025-03-08 18:56:56.894436,STORE_19
8cfc93c3-672a-4e2f-b758-cc3e6ac2468f,C10076,-36.03279507156994,2025-03-16 10:17:41.941507,STORE_21
68abdbc7-b667-4001-a536-00511878bb0a,C46638,392.23,2025-01-31 02:01:45.433015,STORE_40
71f90362-81e8-428a-b1c2-4f22ea07042a,C23141,-37.32986486365935,2025-04-07 13:11:28.728952,STORE_50
8375c90f-1cc4-4cea-a86a-3d47c6083fde,C24332,237.22,2025-09-15 07:24:26.533756,STORE_21
21c16d4b-009d-41e6-b39f-c15aefbc8774,C49379,0.0,2025-08-01 15:24:21.268766,STORE_34
32fdef07-8c8b-4b7e-92d4-3c0828510569,C37554,-42.02642567816723,2024-04-22 19:33:01.009019,STORE_46
0713a796-dbe5-4a98-9cce-de57a48665fa,C53045,0.0,2024-06-27 09:30:28.847308,STORE_22
7d5697af-a0dd-4486-ba79-89bd5f5381c4,C99714,-71.9234932822818,2025-04-12 07:13:38.679284,STORE_31
0935a8f1-5099-43e1-a701-c63b30bf0eac,C52865,-57.66148264565731,2025-06-26 07:52:22.765764,STORE_15
c6a55777-d572-49c4-9af6-18b4c6e0db55,C71225,260.16,2025-09-23 03:09:13.904801,STORE_19
87368fbd-a99d-4ada-83be-2f49ddbe636f,C43356,297.37,2024-09-21 16:11:04.849437,STORE_41
b654b04b-90d8-419a-9abe-a5d69b64b54f,C63493,0.0,2025-04-25 14:07:59.367415,STORE_17
191649ec-ebb2-43b9-9502-4fa3d46a2d11,C81732,0.0,2024-11-26 16:29:52.375045,STORE_20
bda18c11-a81e-4424-91ac-2cfd41bac83e,C93845,-68.96982667443405,2024-09-22 17:28:44.472235,STORE_43
a4325853-af12-41b3-ab7e-b5eeeb1d7353,C27899,0.0,2024-09-10 07:40:07.032044,STORE_17
1524eac5-5b87-4a7e-9ed7-5ce6c9b6b7d5,C85259,-80.8594481662196,2026-03-15 06:42:50.369846,STORE_15
70c5e82e-aef2-48dd-88f8-fd44490bf066,C42234,0.0,2025-04-17 22:00:04.252728,STORE_12
ea26866a-4e36-49f6-bad4-854359041e4e,C57802,0.0,2026-02-20 10:46:08.649466,STORE_28
742bd8c7-ba52-447f-9def-a00e8657db06,C87963,0.0,2026-03-13 13:30:22.915144,STORE_43
7fb6877c-2b25-4c2c-a84d-d24ebc54294c,C25860,107.59,2025-12-25 01:51:40.601736,STORE_38
d9fd7789-e38e-4146-b402-72a0513c774f,C41701,-77.96770480087753,2024-08-29 01:48:20.975321,STORE_42
2733a63d-e2f6-402c-afd9-f7debefe6715,C52623,28.25,2025-05-24 22:47:07.636682,STORE_30
b3a6a084-0a44-4507-93f9-0b279cb0c7a6,C37017,0.0,2025-11-05 15:13:30.306886,STORE_13
1c8fd17a-2bfe-4b82-a936-7b4ed035e22d,C58131,233.16,2024-09-30 21:28:35.563474,STORE_27
0c7e6ce8-7699-44cf-94b1-5a464e0d5e83,C59091,364.83,2026-02-04 03:20:02.957125,STORE_35
b37a7afa-15ea-40c4-91aa-bfeaa3f29f30,C74600,0.0,2025-03-08 23:31:21.402137,STORE_18
ef9f0ed3-82d7-4c5c-892b-9871d60a0ae9,C67312,391.9,2025-01-21 15:02:19.534434,STORE_17
85354353-8fb8-463a-9ae1-ca3c9dc00780,C75380,-22.843308287854907,2024-04-12 21:55:52.580819,STORE_16
aa0b8060-e33d-4adb-a43a-46812c91a7c2,C72971,0.0,2024-05-02 19:07:24.566992,STORE_41
923649a4-e623-4f8d-8647-7a48ff551c24,C61953,-25.556133608565855,2025-01-10 12:18:47.172360,STORE_25
a3220620-9e20-4589-b275-3af1a894e0df,C69675,0.0,2025-12-02 22:18:58.629300,STORE_6
903048d9-1ff1-4542-bc1c-9b4a44148ca5,C51524,-86.75427896465443,2024-08-21 17:20:38.473196,STORE_23
f2e841a9-c9c0-4feb-ba94-97a19339c5d3,C12408,215.0,2026-03-16 21:00:14.434180,STORE_20
a249d40a-aa0a-401f-9228-72dc4ced11ac,C58132,-35.17589171980561,2024-11-04 18:05:53.384351,STORE_43
585b9e61-d40e-46fb-bf7d-86e73b144224,C89002,-57.44208312236503,2025-07-29 07:28:01.898032,STORE_22
e5c46f6c-6897-4b47-ab13-feaf8fd8b149,C91763,-17.6845898551493,2024-10-23 19:55:56.786032,STORE_48
762a2bc6-2f46-47e1-b534-fb1dc4885b07,C80059,0.0,2024-07-12 15:37:26.216392,STORE_30
4632cdbb-0083-4961-a8ee-4ed22a57c3a7,C47823,-53.135732577250266,2025-03-02 00:22:53.460035,STORE_16
f7244b5d-8ce0-4fe1-9109-3a055b0f1745,C51394,0.0,2024-04-13 08:37:33.055478,STORE_45
1f7c349e-7b75-4c98-9211-b7aa9c68c755,C86329,-28.93748022847543,2024-12-18 04:15:14.116474,STORE_9
4b06874f-e2a3-46e4-8333-65668514f00c,C15161,0.0,2024-06-09 02:43:09.776356,STORE_7
7c10b889-0598-43e5-9fd8-2adf900dbc75,C34450,0.0,2025-05-04 06:09:34.161098,STORE_45
775cd2c4-9836-4c66-8088-cf35406359ae,C82589,20.87,2025-11-01 11:59:32.070541,STORE_37
cbf0c44f-b49d-473b-bfa8-80388cece377,C66705,0.0,2026-02-20 22:07:43.743856,STORE_32
5d5cf365-05b2-45dd-bc7e-2f58e30fae38,C94062,0.0,2024-07-23 00:26:39.974440,STORE_6
a2a7cc2c-c27a-4f6f-90a3-835a1811e7df,C35489,-50.637298394726656,2024-05-13 12:57:31.375624,STORE_30
270053f6-e05b-4da3-ae28-8be711567c63,C41333,478.04,2024-09-14 00:16:45.842572,STORE_19
3bd9d240-1e35-44c8-96a5-888d6ca4677a,C83042,347.77,2024-12-21 07:40:46.011019,STORE_3
662de9ad-1c11-4c5c-a050-cf21b1f25b35,C90094,-92.01022586589764,2025-01-05 18:22:49.911465,STORE_17
a5f53a14-4108-4ec3-b017-6af26fb2103d,C89921,0.0,2025-06-29 23:20:52.415630,STORE_30
5c4a55f5-6cb3-478f-812f-ecfdeff3626d,C52081,0.0,2025-10-24 18:41:59.724190,STORE_43
f2ed0020-af2b-4076-af23-0b388c89014c,C82754,406.96,2024-07-02 08:04:50.627424,STORE_15
efd1f67e-e0ea-439e-91df-7997056bf1ef,C88043,127.52,2025-01-16 17:45:50.490637,STORE_46
264436b0-1afd-4541-9698-681f22b54930,C82603,0.0,2024-11-21 07:56:19.047940,STORE_3
0370a360-c82b-4451-bb62-033b941cb970,C31775,385.46,2025-03-24 08:31:34.511440,STORE_40
2fae67fd-3ddb-4e0c-92a8-aaf8f5ca9969,C30929,0.0,2024-09-05 14:48:45.283104,STORE_23
a85d257b-ec9b-432b-8d97-b48c28d1c905,C36192,10.61,2025-03-20 01:59:53.077937,STORE_42
82d0db1f-cedf-498d-a7d8-8c31260004cc,C75822,289.4,2025-07-09 18:26:44.854139,STORE_22
dc4e4272-8007-49e0-b05d-e04ed8a031f4,C83995,378.75,2024-09-24 06:06:28.354528,STORE_21
8f37498a-c890-48a2-acdb-205effa3bcea,C85544,0.0,2024-07-06 03:28:01.457860,STORE_44
fb81db5c-3606-48da-8d42-98e5174a788e,C28946,437.95,2025-03-25 16:29:45.808830,STORE_26
f3052e0a-3806-40ef-ad97-3252b0c84235,C77817,375.99,2025-08-10 05:05:04.261280,STORE_6
b800f95b-cd24-41e0-8ecc-30843ba39571,C51079,21.59,2024-12-27 12:57:18.476670,STORE_34
aee12e23-a16e-420a-933f-ae1e3ef7c1a4,C16211,196.42,2026-01-28 10:32:10.557510,STORE_38
b4a43196-64be-4ddd-bb13-c80df14f4086,C18312,323.96,2025-08-21 23:04:20.388141,STORE_25
4a5de17d-e7e5-446e-9f2a-5234da87d02e,C34014,269.11,2026-02-02 14:30:42.855538,STORE_9
fc21517c-5547-4cb6-9be8-abc3c6c472b2,C62304,345.06,2025-06-18 03:50:05.205986,STORE_4
bfa77782-b69c-4011-88e7-a9d59b9f6f37,C63148,0.0,2024-11-16 11:34:48.312771,STORE_33
065788a1-8caf-40fc-a4b3-59afc669935e,C22993,26.51,2024-12-23 09:07:14.574437,STORE_17
12a9f8da-e0c7-4e34-95cd-c6b0cdebc361,C29014,0.0,2024-09-05 12:18:09.740265,STORE_43
438c3b13-1c40-4f34-a656-515566f7e690,C71677,0.0,2025-10-17 10:17:44.467792,STORE_2
5b610d07-5fcb-4414-aa8e-1a26ea1bc431,C34804,228.23,2026-01-20 05:47:36.245298,STORE_10
c946997e-7f7f-4c56-b27f-1beffaf33308,C52884,0.0,2024-09-16 06:33:41.818423,STORE_22
c28b31f3-5b2c-4dc6-b7dd-438643912cf2,C63992,0.0,2025-04-06 18:39:52.941024,STORE_19
549ac308-f038-4ab5-907a-5d22c9a88f04,C95112,0.0,2025-11-09 16:55:34.215516,STORE_21
56718878-cfd3-44c3-b459-e6a5437e2c39,C78048,0.0,2024-12-07 05:06:36.328917,STORE_48
263bab0f-de3b-4fd6-9d62-585fea60e63f,C98716,268.45,2024-11-10 15:05:03.795740,STORE_38
3e50c954-d2f2-45fe-8c1a-2acd679eaa5e,C96018,-13.807276640885798,2025-08-31 19:12:35.438425,STORE_9
111aebfb-15b3-470e-a1bd-ddbd8ec0344c,C90593,0.0,2025-02-07 19:28:24.681984,STORE_41
e802acff-b28e-494e-800c-4442aa812aaf,C88176,-62.187458378695666,2024-04-07 03:02:58.485111,STORE_20
c4d85fda-625a-4aca-84df-1d130fc6e707,C70514,-90.9463561481342,2025-01-24 04:35:50.332108,STORE_30
5b8e1b10-86a2-4dca-b7d2-675309c3a030,C54568,-42.797915361215914,2025-12-30 22:36:26.373132,STORE_10
49be560b-9fe1-411e-a447-c040461eea89,C47138,0.0,2025-08-13 02:07:42.518718,STORE_34
63db98bc-9d34-42e7-a451-0749ff939701,C44952,32.74,2024-08-10 20:04:49.477842,STORE_11
19fbf564-69ea-4225-a6e2-3cfa5212c31a,C76892,-36.20787338241112,2026-02-09 11:15:39.478517,STORE_50
8c8bb7b0-7e7f-4a2d-ba25-c833e4d6df45,C20292,-95.351775260935,2025-09-16 19:21:49.886058,STORE_36
21e6921f-8afd-43d9-944b-1a11b1935bde,C25851,-41.886180835583346,2024-10-01 18:29:02.215752,STORE_36
e25d545e-b1b7-4e28-82de-dd373e268953,C85799,-94.43223366289453,2025-04-18 04:21:09.485248,STORE_16
1e6f218a-17a2-45f1-a69a-c31b5bc39164,C24931,-78.32587167422409,2024-11-08 18:01:00.229610,STORE_36
72f6d1d7-55ef-4568-bb09-0b0c1653edfb,C66266,0.0,2024-09-21 00:06:57.807535,STORE_20
a1ff8ddb-b9c4-4fe2-877e-be0de715ed92,C89380,-5.575568099663954,2025-06-07 12:24:09.053205,STORE_13
69badbde-0dc1-46c1-b038-a568bb4c1e28,C67050,-63.60816423801582,2025-04-14 17:13:17.063968,STORE_21
b2ede2fa-22d3-4c8d-9934-a319d3d779ba,C82374,-68.44768081484415,2025-04-08 18:43:42.993508,STORE_45
e881d6f2-4c9c-43c1-8b20-092a61d79654,C16883,-70.93448459207588,2024-12-18 14:40:49.028207,STORE_43
aa700713-c600-41d8-b21d-53c033bfad96,C85156,-83.23765848868939,2025-04-05 06:29:41.376512,STORE_3
f680c63e-bf9e-48dc-8b09-daec8ad8c16a,C90010,0.0,2025-01-17 01:52:06.760268,STORE_22
b6046add-c26d-423e-9f1f-8f7d532648bf,C87543,-17.96557742725518,2026-01-05 13:40:39.812800,STORE_24
2f61496f-df41-4edd-a7c3-b2522f7f1bdc,C39980,395.83,2026-01-30 08:50:58.231802,STORE_5
f1c24c2f-6e46-410a-b979-8b4924955feb,C11659,0.0,2025-07-31 06:23:23.185248,STORE_36
917e4afd-1ae8-445e-b1ed-fb5e6fbd4c86,C96757,0.0,2025-12-08 09:02:52.056353,STORE_28
8d303c64-7c9d-48b5-af6f-de380774e2e5,C96156,0.0,2024-07-23 11:09:33.024929,STORE_45
b0f09d66-a1d4-43eb-8c2d-d97a6302db25,C56301,0.0,2024-07-14 09:42:14.687776,STORE_46
927069e9-4b60-4a57-8a0d-8b2085bffe74,C38596,285.12,2024-10-28 18:42:59.474035,STORE_25
a2ef8de9-0c63-42d1-8221-a27a7bfcc50f,C65681,-6.797851598343761,2025-10-07 02:12:27.014986,STORE_11
fb70e2ff-ab78-484a-a7cb-d63179ea4cf7,C54887,0.0,2025-08-21 06:03:24.362556,STORE_26
ab68cd62-9c43-40c8-8dbd-61a54aec0218,C43966,-41.19904791631726,2025-07-08 18:40:14.748580,STORE_20
bd64c604-5836-4969-b85e-f30d56ebea44,C40106,0.0,2024-06-08 16:04:00.607935,STORE_25
3c667b69-9b55-4109-ab7a-e26fe857680b,C55461,78.01,2024-12-21 13:11:08.252663,STORE_45
aeb7391d-c679-4872-b4db-f9229a7e7dcd,C31649,0.0,2025-12-22 00:45:36.419741,STORE_18
955dcb56-6498-48a0-8bd6-ee2c125218fc,C96819,0.0,2025-11-11 16:20:18.930670,STORE_13
494b15ce-fda8-45cf-a67c-6c70ab8b6f67,C46653,0.0,2024-12-17 02:53:37.710632,STORE_19
fe0c87cc-e519-4dbf-9f23-320979e5971d,C24662,0.0,2024-04-08 20:39:32.350431,STORE_32
008098e4-3ee6-4ca3-92e1-682e4bac13b1,C77243,0.0,2024-06-26 03:12:33.347782,STORE_4
d299c282-a147-43e1-90e2-8aeaa6cc4d27,C68818,157.93,2025-08-10 01:23:35.009778,STORE_37
129e4afd-46c1-41b1-9c1c-6761137f3a00,C16945,-58.74398191460224,2026-01-24 07:26:53.569765,STORE_37
6f8143b4-0a7a-40f1-8ea7-3a548d2dd454,C34833,193.76,2025-02-23 12:04:42.799957,STORE_22
76b18614-a8e1-4919-ac71-64bb3b2e0218,C27956,-40.98179021172737,2024-06-18 15:50:31.963366,STORE_35
9740e947-b40c-4674-ae2c-81f47cafe726,C67810,-15.976819327858655,2025-03-10 17:55:25.239610,STORE_2
cdeaf0f2-0062-40b7-b138-50ebd438e70f,C32431,-83.6894206819039,2024-06-29 16:25:33.735664,STORE_23
4fef6650-9da7-4db4-9912-0b9aa18f1c67,C84996,334.1,2025-01-01 21:51:25.371151,STORE_19
55f9e4dc-1ccc-49cc-befa-2a661f942aea,C89077,0.0,2024-10-18 17:02:58.726072,STORE_21
60759753-649e-43c0-b9f4-308884ceeb08,C95270,0.0,2025-04-27 13:50:54.395547,STORE_37
0b88db7f-d852-4b85-826b-1b317276460e,C60819,0.0,2024-05-07 12:48:09.046018,STORE_23
d19fd6af-71a7-4234-9bd2-8a5e267d846f,C15704,-36.32511654185348,2024-08-09 08:38:15.723235,STORE_42
9f556afc-6b5e-4ee9-a0f5-4c42d2352be3,C36889,0.0,2026-03-13 22:30:10.030820,STORE_10
e46c34d8-13b5-43c1-addf-3295a707ab0a,C95434,-1.86504933932358,2024-12-15 22:42:46.155203,STORE_27
0abb7ff9-62c8-4889-a027-bff74010a000,C76430,492.19,2024-12-07 02:37:36.036382,STORE_9
04bbb5ef-06a3-4221-b8d8-311cccb2f38d,C66070,183.03,2024-07-13 07:59:37.977670,STORE_20
53fbf465-116d-493e-8e0a-cb25f9c77e5a,C51303,-63.7688272068285,2024-11-09 00:44:41.868804,STORE_36
c4bab4d2-4221-466b-a38d-66ffa8d0b5a6,C39838,-37.82916484942156,2024-08-01 18:14:47.437727,STORE_20
dbdfd8f1-b81a-4425-81b1-cc80b149a382,C33762,-66.98956919505451,2025-03-13 22:21:32.897830,STORE_15
b92e5032-4ef9-4be1-9521-0660fb6eaed9,C60735,-11.917964291651163,2025-05-01 04:18:49.772285,STORE_37
31012670-687d-44a4-843c-4e32595a26c5,C11584,102.47,2025-10-04 13:39:14.569901,STORE_25
126596f1-d830-4033-acd5-e97eb07c59f7,C88137,0.0,2024-10-04 00:05:44.924007,STORE_18
378f852c-ed9e-42a5-916e-1cc5257ee38d,C88766,318.52,2024-11-06 11:29:39.670328,STORE_43
b4613567-113c-477b-95da-cea8d79ff629,C20181,-53.752348477601885,2025-07-29 04:27:50.382905,STORE_31
b91db12b-43da-45ca-870a-ac8971b5db8f,C98283,498.82,2024-07-11 18:41:41.813001,STORE_39
4a11c78c-b8fe-4763-be1b-c9feef7af59e,C80909,-98.8937903683542,2026-01-27 01:48:12.221090,STORE_3
2b87e14d-e11c-45ff-8553-12e03971d40d,C54539,432.15,2026-03-28 15:13:12.835239,STORE_21
dbcde47e-3256-42e8-8443-31e02105d3a3,C70003,59.31,2025-05-05 10:35:46.866384,STORE_16
e02f8cde-bc04-4d95-ae2d-620ce298c32c,C50607,-8.953415955998604,2025-03-15 20:59:01.489392,STORE_45
8c8a4953-4d69-4e4f-b45b-d2ef8c9ee7f6,C46011,0.0,2025-07-09 18:06:08.139380,STORE_10
9c8bda60-64da-4b7b-9f95-65643d4e5820,C21504,-30.948620002890177,2024-06-22 11:48:32.685665,STORE_43
a07dd29c-1580-42da-98c1-ddc2aa6890b6,C23228,-61.589352729441174,2025-11-15 10:15:30.612645,STORE_22
10d8ac16-7d90-4bd1-b78d-dc4e55dbdce8,C38113,-33.02791957927547,2025-07-05 15:25:41.123336,STORE_12
d1c267a1-9f73-434a-8320-895a1e172677,C82239,128.32,2026-01-10 00:08:07.738865,STORE_36
49897e2c-2cda-4ffb-a606-b67058185083,C93282,49.51,2024-04-14 16:45:51.820055,STORE_25
a65234c4-7633-4fe8-aa47-c79ff2b27569,C49058,495.21,2026-03-26 01:06:44.707679,STORE_24
efe250e7-c333-4d28-90b3-03171df6b7dc,C52938,389.65,2025-11-11 11:03:31.264551,STORE_6
409e57a6-2e5b-47ca-b527-2ec486454817,C82971,-30.38341249600799,2024-05-19 14:46:18.734713,STORE_16
85af3c23-f776-4b5c-8502-60f0a2b5c49f,C65766,0.0,2024-10-05 17:38:26.477151,STORE_7
deccd1e3-d574-46f7-bdd8-4a89a3ee117c,C74656,-45.03259431968746,2025-05-31 21:16:47.086795,STORE_46
532ced3f-29a6-47af-9d57-76dfb70e7d83,C83812,182.54,2024-06-19 15:27:36.388172,STORE_22
78ce79c5-87b1-433a-af2e-f671bab203ba,C91389,0.0,2026-02-27 10:12:13.042196,STORE_16
1dd62590-cb6a-4e2e-8b20-a960b01e323a,C55989,-55.09109140691061,2025-09-30 21:46:45.554910,STORE_23
c0e0e6aa-3615-4c6d-83e0-ef35ba866561,C67490,327.14,2025-05-18 13:57:14.758451,STORE_45
bf856656-9131-4a7f-bd36-067505d495c4,C70786,-96.55117181545002,2024-07-13 14:48:49.795747,STORE_33
f6bd8b2e-b08f-425b-bd30-db9c95138cb3,C55682,-22.39791613931816,2025-04-23 09:21:48.605184,STORE_18
51520b4d-314e-4c1a-95d0-3af327e790f8,C44246,-3.8479051799006645,2025-07-17 03:32:28.778859,STORE_45
95e3136b-52ab-4234-b02e-57473375007e,C51833,472.37,2025-10-03 00:47:03.392468,STORE_48
07a7568e-1962-4f4c-8449-e68d9d5a486f,C18377,-29.49468919186859,2025-04-30 11:00:48.642632,STORE_32
c115479e-a45b-4908-80e0-87829b8391d1,C36371,-82.36514495754093,2024-11-04 01:43:24.774877,STORE_50
3140fcb8-4045-4205-b56d-4eca690c3f97,C49588,-43.15085761323755,2025-02-10 06:59:00.744233,STORE_22
e50b58b9-7817-4a5b-8856-54a5fe9590d9,C44624,-77.92318290230766,2025-10-07 22:35:18.229166,STORE_21
e64103f1-60b6-4d9f-adf9-bc4c9223991c,C54864,145.08,2025-07-30 21:12:56.546353,STORE_33
160f4ced-bd4c-4eac-8e4c-e2d261d082ff,C83968,51.02,2025-10-16 23:56:20.994618,STORE_13
a0cab218-e14d-4434-910a-c1b0fd8f1c06,C89191,312.3,2025-05-29 15:53:53.961229,STORE_2
3965d31c-6cd2-4898-8b88-12ccbe41eb03,C94712,145.53,2024-05-29 17:11:35.285959,STORE_47
aafcaae6-82db-4fda-b389-1129d1277dfc,C88225,-83.58809121646152,2024-10-12 12:37:14.430019,STORE_47
551c2ab8-d1d0-45ff-a3b0-6e93e944a42b,C68083,0.0,2025-04-26 05:40:55.710443,STORE_23
b1d4afd8-a43b-4b3d-b7d0-5e5f239a3e00,C26091,-51.765721094840416,2025-04-26 04:55:32.573348,STORE_2
8998dcd6-33c6-4641-bd1c-2c2120373eb9,C47876,168.39,2025-08-27 20:23:46.944434,STORE_9
ffa20c55-d033-4582-8695-2bf5adb43503,C83653,-53.8511203168098,2025-05-22 09:31:32.244402,STORE_5
ec33e5e9-1a4f-4612-b728-2e93c7656f88,C12459,0.0,2024-08-13 20:28:33.086671,STORE_49
83f08994-066e-445a-bb75-6b1e0676e43d,C51623,0.0,2024-06-16 10:37:48.842305,STORE_28
96ff4e1c-0131-41fa-9bfa-84f46d66def9,C28311,-39.50514679530416,2024-11-30 19:09:15.344494,STORE_49
3a3bdf26-120f-4b3c-bf69-f514f07dcc23,C18366,-92.50421427738213,2025-07-24 20:08:13.177624,STORE_38
fdffb28f-3dca-4a0b-9389-4eb6f88b8bd7,C10436,0.0,2025-11-07 18:48:20.721316,STORE_26
456a30f4-4d40-4459-ba0c-79b130c055f6,C51895,-35.520874241553386,2025-01-25 13:15:53.225697,STORE_26
bb2fb3f5-3f2a-4274-b64a-8d053bdf5b90,C66257,0.0,2025-10-17 07:00:16.285840,STORE_28
387f7107-3a83-40ce-9a2b-f8e50b435e84,C55765,0.0,2024-12-01 04:36:40.904974,STORE_7
9d008ddf-9657-40fb-a05b-695d96885295,C22527,-93.45107756621377,2024-10-07 21:35:14.356283,STORE_30
d47ee743-296b-4fbe-9bb5-047fa7e6fa7e,C15042,0.0,2025-05-11 03:20:22.141243,STORE_32
d3cdee9a-58c1-4af3-9e43-ff18bd20c8b4,C92190,-64.63774925982486,2025-01-20 00:57:00.159626,STORE_3
9e7ff8b6-4b08-4531-9e69-f67898adea6b,C35776,-78.22486136751975,2024-06-03 11:27:29.311407,STORE_2
f273c175-e080-4249-a8f2-429561a89bbc,C19143,-69.09678730850983,2024-06-17 06:26:45.932379,STORE_3
559de59b-7bc0-49cd-9dad-085ac0441dad,C92202,-8.990628703666195,2025-07-27 10:05:16.034378,STORE_5
e61f41d4-32bb-4b5a-855a-b40737623e9b,C28936,26.89,2024-08-29 09:39:25.545526,STORE_6
c4ae1d0f-cfb8-40bf-8c22-e3e362989d3e,C65075,-17.307857944259055,2026-03-29 23:16:51.133938,STORE_37
93dce7d8-efe9-4c9c-adf2-5dd519290785,C21517,0.0,2025-05-11 07:19:30.297553,STORE_13
5f59151b-018c-47f5-8a90-88ac5a561d49,C46754,-21.581996112206163,2025-03-24 02:02:39.759378,STORE_43
60797161-79b0-4fda-8fb8-9a2a02d50220,C89010,-13.35870366106148,2025-06-04 14:57:28.122221,STORE_22
cc21f7a4-2baa-476d-aa31-9d0455c55152,C32857,0.0,2024-07-22 17:35:46.881623,STORE_16
b2336ba8-f34b-48bb-8f19-4ecd4f829efd,C38095,244.87,2025-09-17 08:11:45.800343,STORE_47
481cea6b-1e95-40f0-9390-ab3e8a3ab4de,C51487,97.34,2025-09-16 12:11:26.333170,STORE_1
f41aaca0-1619-47ff-9fa9-7bbe84522873,C91501,-21.857124689485047,2026-02-12 20:26:09.728580,STORE_31
311d088e-fb0a-4416-9ebf-bcbdf9bed5e7,C75859,0.0,2025-10-29 09:23:24.858638,STORE_26
5eb87b6a-88d0-4c4a-9574-e35b7ac26541,C39668,134.43,2025-01-14 10:57:14.381130,STORE_33
4a95fe27-0e75-4ded-9e66-90ca8be6fae9,C55681,172.85,2024-04-13 05:23:47.483323,STORE_22
c549c95e-0d2d-4638-b459-bb4dbcb46f8d,C23486,387.41,2024-06-01 13:31:39.091677,STORE_12
1fb7422c-8ce0-4009-8c94-429f8a68412b,C59023,369.32,2024-09-17 23:12:12.964695,STORE_18
b231ca9a-8816-4104-b9cf-4d0ca0409eb4,C92532,401.77,2025-09-10 06:14:46.692963,STORE_31
1031433c-a06b-4df6-9092-63a535ed3175,C41855,0.0,2025-06-18 14:33:08.823410,STORE_47
93fe2f85-96a3-4302-a9c7-d42f9f460c41,C11809,415.48,2025-12-19 23:23:03.007547,STORE_5
d4c6f32f-999e-4899-a17b-b7f9a1ff703d,C17850,-45.83210637491098,2025-05-01 02:58:25.797307,STORE_4
b84bd267-f513-4842-8bfc-249e755695b2,C13077,0.0,2025-05-31 07:37:01.545941,STORE_6
dd62ddb8-4c7e-4f25-ad0e-c9569becfea6,C67665,0.0,2025-07-22 04:21:16.327719,STORE_16
bf9ad197-d34d-4626-8044-b844313f0dee,C46257,-41.08723466341431,2025-09-23 06:41:47.795659,STORE_47
89f365d8-1a1a-45c8-971c-a221d6ca7ea6,C48990,363.84,2026-01-01 08:37:46.326453,STORE_21
c0415698-4216-4597-b266-a317154d2f00,C78511,483.48,2024-12-06 10:36:53.385988,STORE_22
9fea2e2e-526a-452d-a0e5-d1c6a30c9f87,C25471,456.15,2026-04-01 13:07:40.434882,STORE_37
93d38bf8-7fa9-492a-b6f3-23cabea12c7d,C43937,295.89,2025-01-29 06:45:22.000277,STORE_5
eec5603e-089f-402c-bef4-3dac80e3952a,C35341,340.84,2024-09-10 18:09:01.940065,STORE_45
af2a1293-c260-4244-a3a3-1ed323b1d468,C49442,145.0,2025-06-20 16:40:37.250231,STORE_16
6af9bbb7-20ad-4ec9-a07e-2de712fade5a,C92923,398.8,2026-03-06 16:53:02.752736,STORE_27
c6ff17fa-05c5-4671-985f-74a579fe6a9a,C62070,486.25,2025-10-29 13:23:07.691652,STORE_12
3c2ea1be-7852-4698-906f-05b1bcc024dc,C42094,-32.32389445307294,2025-03-23 01:49:42.014599,STORE_10
331fbcf6-b983-4207-976e-9975582b4788,C29580,-7.23819981980809,2025-07-12 04:24:19.132740,STORE_11
e872d586-a569-436d-87d3-65d049e63e4f,C18856,-80.91548278812228,2025-05-13 04:14:10.069211,STORE_5
b6107595-5721-4cdc-a77d-1525960c12fd,C83762,260.52,2025-10-09 07:45:55.815977,STORE_14
ababc65c-778c-4233-8c7b-2eb67bf0e3cd,C87784,-26.800639066467024,2026-02-12 07:56:21.275766,STORE_49
146c0206-7c32-409e-9ea6-bf4de9c0a086,C90760,0.0,2024-11-12 06:31:32.436126,STORE_46
a1b2b507-34e4-4710-aa2c-745bbb26cb7c,C38208,0.0,2024-06-06 22:43:58.782452,STORE_9
29379d81-d358-44ff-bd4a-01c1c71d09b8,C96800,0.0,2025-06-09 22:46:02.747364,STORE_29
2b161bfc-501b-447e-8be7-5b4f7ff72485,C35347,0.0,2025-06-09 11:46:24.554428,STORE_31
e5d8d3c8-512a-4115-b8d7-4c45f4b3265e,C71010,-48.453298444632104,2024-07-26 11:54:36.936251,STORE_21
d17db1e3-7464-4ff3-a9da-b7025b7d5ae8,C73801,277.41,2024-12-30 18:58:29.560226,STORE_37
bd1d294b-8ec4-4f19-b542-0bfd8cca4682,C85510,151.18,2025-05-19 19:58:11.702456,STORE_44
3fb08587-0d53-454e-9b6b-43feccc29e24,C54750,0.0,2025-03-02 14:06:15.821903,STORE_46
c7809f62-912d-4a2f-ad19-3d6fafd1462e,C15958,-65.22898263868029,2025-05-20 17:28:00.269312,STORE_33
cc8cd306-e792-4fd0-805b-6c8bca83e7d1,C84790,-19.091839728853042,2024-10-22 15:54:35.984310,STORE_42
f8707b8a-7ef9-4818-bc08-01164f7a1c73,C16339,289.23,2025-07-24 19:50:43.302497,STORE_48
8f97aa8f-c745-4c92-b3d0-025bf1de6a80,C46204,-59.70852934006215,2025-09-18 03:45:14.012083,STORE_36
95dab8b8-2a8d-440d-aea1-e87a57734f60,C62699,0.0,2024-08-07 14:00:25.884754,STORE_21
bbfb54e0-5c05-4daa-b9ca-eed3eb502b00,C72193,68.34,2024-09-02 05:10:01.030435,STORE_21
9b59d45a-55dd-46c9-9094-e1f3dc45f312,C65566,0.0,2025-02-25 05:57:12.417448,STORE_4
a3ef33e4-2cd2-46be-899e-5de9e32b2a20,C39397,-62.92357569545009,2024-05-12 10:17:13.919702,STORE_27
b8ec22f8-3a0c-4c81-a0a7-c738a3ff119d,C71940,-16.74392904115374,2025-04-20 11:17:40.241015,STORE_26
38cc7586-7a5b-4037-9154-b8730c0e0f09,C35472,157.34,2024-07-16 06:25:08.052382,STORE_11
7f85d1ab-9d63-4271-84d9-8e919356d4a2,C54397,139.63,2024-05-09 17:37:51.091054,STORE_20
146e97b3-039d-4ee0-ae2d-a733dfffc275,C17666,0.0,2024-12-29 17:06:33.484067,STORE_33
c6f2aeec-a549-45f6-b70d-fb0389e1bfb9,C63967,451.18,2025-06-14 22:02:06.778228,STORE_40
4a9103cf-5401-48c0-89ed-9c009daf7f0d,C11622,-67.3470892614528,2025-07-12 05:57:04.695330,STORE_24
63385a0d-f494-4545-907b-acb9e6c6d024,C63479,-2.9421338536715496,2025-10-31 03:49:35.282508,STORE_10
2f640935-3efa-4917-9cdd-5cb8ac284686,C26175,-96.95416474739223,2024-04-01 23:51:21.171110,STORE_19
1aeda22d-991d-4989-a04b-5ecc51bba8cf,C34413,0.0,2024-12-28 22:28:33.710245,STORE_1
03de9eb5-c169-48c8-ad30-53d68f941ab4,C80587,363.33,2024-12-22 07:26:43.766778,STORE_28
dfa59cc9-144a-43f6-9f30-eb2baadc5ddd,C90397,0.0,2024-07-27 04:33:18.819606,STORE_20
27ddd98b-9298-4038-8960-7ea014c4960e,C13408,0.0,2025-11-23 11:23:06.331263,STORE_32
b6c1240c-5b30-4707-b53c-47563bcb96ff,C50039,0.0,2024-07-06 09:57:31.212251,STORE_31
da44e75a-7e78-4fff-bd86-105d9a06abd2,C80941,-72.04000759716212,2024-04-04 14:56:43.202796,STORE_49
374cc0ad-5463-4b61-a0ef-e3b3d0c55229,C41876,0.0,2024-08-25 08:03:08.674886,STORE_38
20cede38-8d37-4809-9671-19c3e567aeb8,C28532,15.41,2026-03-10 04:08:08.770035,STORE_32
1f8f00c4-bf60-418a-b082-57fc38581229,C68271,355.33,2025-06-05 10:58:59.501618,STORE_8
4e8a1460-2342-4c33-aaaa-a5e20173c626,C83832,-64.6245133807994,2025-08-04 22:44:55.613048,STORE_43
8f283daf-cf18-4d2a-b3ce-b51d8e4d87b2,C45768,245.4,2025-08-30 15:02:57.863182,STORE_45
1647fec0-b4b2-4e02-b5c4-3c5967346bd7,C53155,-71.53650395286967,2024-05-13 03:24:06.259201,STORE_24
49c20099-7711-4294-b078-b3f57ff106be,C37293,-88.31085967519154,2026-01-13 05:29:22.973580,STORE_40
34c136ea-1ca2-4202-a750-cc43692bea6e,C68198,40.83,2026-02-15 06:48:51.527396,STORE_28
5d3d88ba-9a6a-4997-95be-556b04fd2ef9,C42142,0.0,2024-07-05 02:18:46.004774,STORE_42
e7015c39-547d-412f-b9a8-8b33631b602b,C66160,53.53,2024-10-11 08:26:29.548888,STORE_36
f1a91e35-8535-4593-85f3-e8b6ff50b042,C49948,0.0,2026-03-31 11:51:23.927525,STORE_44
94dc0ea6-c8a8-4441-a441-fc15bc23d4a4,C25760,352.09,2025-09-14 22:35:26.502874,STORE_18
e58dfbf5-66be-442d-a93d-e252d51dc160,C38044,0.0,2024-04-08 05:06:24.116137,STORE_37
b971ca55-dca0-4b1d-9160-7dbb292f4028,C20916,116.34,2026-01-14 13:44:33.511515,STORE_48
26c81d09-eccd-45ce-961f-24d1a50055c1,C85637,291.23,2025-07-29 05:03:42.703933,STORE_5
1f02e7a3-2f6d-4ad1-9436-4cf1d6bfcf43,C20160,0.0,2026-03-24 06:10:10.466458,STORE_39
4da1b760-1c85-4f71-93ff-0d4e2f5ee562,C72406,0.0,2024-08-25 01:34:58.172897,STORE_4
a71938cd-ecf8-4562-9cba-b4432dc8b4c0,C42121,486.16,2025-04-07 03:21:32.604549,STORE_49
dc1362d0-d084-4ff0-9903-08aa9a643df8,C30318,-85.37633597904393,2024-06-29 04:04:20.337140,STORE_7
4c12ad11-3960-45b1-bbb8-aafaa0c71597,C46289,-40.651386097316156,2024-07-25 12:50:58.189287,STORE_33
072f717b-2400-4d59-8cd2-65b8b2523f6a,C20962,-59.44824792651712,2025-03-31 04:33:49.557502,STORE_47
c33e317c-1d25-4183-a71f-ef398f8f81a1,C71314,-16.057993465815475,2025-09-07 02:57:19.533493,STORE_10
0707e555-b17d-42ef-9b8d-8c2bd803559a,C83831,0.0,2024-05-03 00:02:58.277792,STORE_9
ea45e2ff-cb1f-4602-b938-0e1fffe46961,C29639,69.97,2024-06-16 18:17:33.517587,STORE_7
a0b05792-b11f-4e15-ac73-27b70aaa4e42,C26423,386.47,2025-12-07 04:18:19.318615,STORE_8
96556b05-fc77-468f-bbcc-94e60055bba4,C19360,0.0,2025-08-15 03:22:30.775696,STORE_46
df18de71-9a8b-4ee0-b756-58a4d4e7276b,C86233,34.92,2025-12-21 16:35:43.185065,STORE_6
18e79139-a100-4d1d-b173-2e35cc69ac56,C76832,0.0,2025-08-24 11:59:19.086385,STORE_18
fa1f129d-029f-4165-9f8c-fadd7a744ddc,C85797,29.12,2024-06-05 21:01:07.935280,STORE_30
9b63d116-6df2-4817-9010-a0386b9c9f5d,C95743,-43.79138705894432,2024-04-27 01:50:07.025440,STORE_10
ab3169bd-87bb-4fd2-b27c-9dc5f9ea4017,C41717,497.56,2025-08-16 08:48:38.541664,STORE_29
5833dbca-7b4c-4865-8a03-d5b36a503d91,C63043,22.14,2025-12-26 23:04:38.127318,STORE_14
d70fb4ff-9696-4263-b7d2-a157d7b981dc,C67701,0.0,2025-06-25 03:33:00.663114,STORE_28
8eb37032-9b9e-4df6-94ec-c7727f91eaa1,C45893,123.77,2024-09-23 18:12:20.047214,STORE_28
b318d29f-1159-4942-aa1d-22a2e705bb5d,C26873,38.33,2025-11-11 08:51:09.839060,STORE_49
3947cd5a-6db8-4411-98eb-011f56a53a9b,C91113,-10.16961050954631,2024-11-06 13:30:52.381083,STORE_22
a3b24025-581f-4147-835d-2d4ce4e9672f,C12827,0.0,2025-09-05 10:48:59.125758,STORE_36
6248543c-d408-4feb-9b9c-3535187b63ac,C45766,-10.599011463868251,2026-03-21 14:04:44.774903,STORE_13
f9f24fef-93aa-4515-9ee0-7fa4668fa33a,C91245,-20.779444188222286,2024-08-03 12:53:07.797828,STORE_7
178f621b-b50f-4c6b-b97e-c4103ac9c186,C13401,244.77,2025-01-27 12:12:54.482897,STORE_7
e36c20b5-7f2e-4783-948a-e52280e3693f,C39722,0.0,2024-07-25 13:06:30.459764,STORE_15
f47c235d-ba9e-4f27-b3fb-21b8bc2ad8a7,C58115,492.4,2025-05-15 22:29:20.413585,STORE_49
08f42ccb-1dee-4e7d-9697-1919231a4380,C88590,0.0,2026-02-13 01:51:29.636729,STORE_48
ac2777da-2ea1-4f41-9649-8ad0e94d9c8d,C56644,-63.87636139713385,2025-04-01 19:57:20.414844,STORE_40
aeb8cea8-7cbd-4452-9b59-82e6e829d6e7,C53833,-89.80025359296474,2024-06-28 13:58:44.753909,STORE_19
c4574bb3-ff71-4af1-a393-5f3343484eb5,C70634,409.79,2025-12-18 21:06:17.070913,STORE_10
00bd2c39-1134-44cf-8343-d60d5b77a4b1,C50102,411.95,2024-08-08 03:16:35.168303,STORE_22
68f1bd7c-8333-491c-817c-41e76788dd84,C26964,411.93,2025-04-13 18:10:35.263534,STORE_25
a92be7a9-e641-4770-87db-81819de47d39,C91396,105.98,2024-09-17 12:26:07.468016,STORE_21
57a8e213-47c4-45c2-856f-ad2a03a84afb,C54132,272.58,2024-07-01 02:15:11.364817,STORE_44
e416e1b4-b661-4adb-8898-a3b07adb19cd,C69348,0.0,2025-12-01 18:16:30.445420,STORE_30
3a144481-3bbc-46ae-99a9-0a02378332ef,C53144,109.87,2026-02-07 05:13:20.178631,STORE_14
e030b967-04b6-4faf-94c1-d8edaefbf24d,C24550,-90.34962496717573,2024-08-21 16:01:24.338182,STORE_34
e05a7327-faa4-4fd6-b609-0974c6bc5efb,C41850,0.0,2024-12-24 22:38:02.071916,STORE_38
2a7b1b2c-6cbb-4eb7-8abd-660b8b408c36,C83954,-6.250197030063951,2026-02-07 09:02:38.134278,STORE_50
60c4937f-dce9-4bcf-9129-8d313868b620,C87388,0.0,2026-02-09 19:49:30.830748,STORE_15
46ba5369-64ec-4117-affa-1cefd8e36acd,C25095,0.0,2026-03-11 22:11:20.901098,STORE_14
bd5c3314-db69-48ef-97d4-eb57065d424a,C56756,335.9,2025-11-22 22:06:31.365093,STORE_29
f0fb88a1-ff44-4f7b-a39e-770389adb614,C70934,-39.969874149763776,2024-05-04 17:26:49.418541,STORE_24
9a4b0885-6901-4a53-a943-98a4597c0af7,C74360,384.74,2026-03-16 08:37:49.281528,STORE_39
1d65a5dd-b83c-47be-ba00-aa51785b9fc5,C62028,347.79,2026-02-13 01:22:09.947573,STORE_10
9a94e0bb-68cf-4f1b-bc12-13fd377a5e6a,C53617,309.21,2025-05-30 05:24:15.923108,STORE_23
3e0ee4ca-b4cd-404c-a6f6-6fe10e2a4d59,C95734,-50.560968230304695,2025-01-06 07:31:14.853996,STORE_6
12f1581a-8dd1-4bbe-b538-1dcc54da54e8,C73266,-8.514657740318345,2025-08-03 11:47:32.762444,STORE_30
7e11bdcf-e873-41a8-be38-2f6c10e160b3,C69517,-54.77275292194826,2024-06-11 01:35:53.712812,STORE_30
f3c5cce3-b82f-4831-9f1f-5645c8c89fc4,C26261,341.12,2024-09-24 14:04:18.354209,STORE_41
4dd0df71-82e5-4238-921e-a5abbb54ecaf,C43290,12.65,2026-01-01 13:33:54.329383,STORE_2
85626cad-e6f0-45ba-8b4c-a547e0980410,C55120,388.89,2025-06-04 08:55:06.638067,STORE_25
dbdc527a-a52f-40c6-87ad-31f8c530c4ad,C86991,-1.463613977505997,2025-05-26 02:43:49.286429,STORE_45
c8ebf953-1b2d-4545-8d10-79819e3f649d,C76169,-80.37731596027635,2024-09-25 20:11:18.333261,STORE_15
5cf339ec-1492-400d-9f81-665197f53a8b,C59311,0.0,2024-12-07 10:56:54.658403,STORE_27
d1f4e963-a6c4-4e8c-a087-2d7608b04ca8,C66052,-88.95677789428682,2024-09-02 22:30:12.817972,STORE_10
dda3a865-8e5f-4353-8c82-9f741e15e402,C96807,-50.37819719644751,2024-09-20 21:31:47.002328,STORE_19
b4267e61-1632-43cf-8d09-a605d85d9b13,C74726,-24.225979940088486,2024-06-18 13:06:54.635719,STORE_28
d70fde46-cbf0-4633-af0e-9b95ab4342d7,C94035,-22.151587037201537,2025-01-15 08:13:21.710329,STORE_21
8480156f-62ca-43e3-8bcb-b1a85cacf15f,C23757,359.06,2025-06-25 07:54:32.870317,STORE_24
1b9a9d1e-b775-43e6-a0f2-4985e20622c7,C31641,349.85,2025-11-06 11:08:32.597363,STORE_50
e5bc3be7-7b49-4b2f-a412-f06cf7134499,C36838,-44.017582955514214,2026-03-29 14:19:52.306873,STORE_38
421409f9-b36f-4846-ab3b-982e5221a89c,C36016,0.0,2024-11-01 23:34:24.448434,STORE_40
370def1e-d206-4e39-9a36-562f237ae4f5,C30585,-64.99343539916796,2025-09-07 21:45:15.436799,STORE_14
d4e0424a-2da1-4052-8ab0-cb80e07a74b9,C25580,-77.4880539356606,2025-10-23 19:55:49.231946,STORE_6
ad628fc8-8320-4091-86e8-9102fc8173d5,C99186,328.18,2025-04-08 23:04:44.504563,STORE_12
18f7cc64-01ac-4a0e-8133-c2a3386b3479,C63193,-96.11546142274693,2024-05-06 23:29:52.719721,STORE_24
c5e8f7d0-704e-4002-b2bb-6d07b14aabb1,C84219,128.88,2025-07-01 16:27:08.065880,STORE_34
7de5e492-5347-465f-bda0-4f1057bbd2e8,C13200,-56.92637732417433,2026-02-09 06:15:09.997535,STORE_17
567ec5c8-4dda-4525-984c-812fb5b35f6e,C80768,-28.501972692343944,2025-06-06 21:05:19.749011,STORE_48
3fd7ce6f-f269-4ecf-8135-94bd8ac0b101,C22581,0.0,2025-11-25 09:50:39.279660,STORE_34
539786ee-4f8f-4357-acab-36a7a974fbf4,C21820,180.18,2024-06-27 18:48:43.473547,STORE_19
fe84ad45-51c8-4d35-b754-5d3a9bd9f2cf,C92906,0.0,2025-01-04 16:00:12.188536,STORE_1
562caaa8-6d36-4c99-ba4b-60bec1936f91,C16417,-32.51654008325292,2025-02-07 06:29:46.358841,STORE_43
57bcfdd6-d389-4b94-bf19-372be07ed08a,C17676,221.01,2025-06-18 08:30:49.965156,STORE_4
05ef68a2-f2a9-4d5c-97a6-8dc8f8bb36ae,C71329,137.99,2024-05-24 17:14:31.005828,STORE_16
83b658bb-82c4-4b56-a150-c515d09e9d86,C63357,288.35,2025-09-17 15:42:58.359819,STORE_45
620863ee-ab3e-4f98-924a-553dfd7481a6,C32678,-36.554018814559136,2024-05-29 14:51:31.850947,STORE_28
56dec1bc-8db8-4ae3-bb89-ef1d1b53935c,C42956,0.0,2025-11-02 19:11:50.435000,STORE_2
e4c07672-350f-4470-a98c-e5eac794de08,C61711,302.24,2024-10-10 17:59:28.837463,STORE_4
3545bcb3-7255-4ba7-82ee-2dbea86f865c,C15900,0.0,2025-10-15 11:21:57.669408,STORE_27
037e6e8e-cb98-4594-93d1-421833d2941d,C95522,279.95,2025-08-29 13:48:01.700481,STORE_28
f791ee10-99ca-43a9-bae2-ee324b543a47,C33055,242.95,2025-07-27 05:09:48.617856,STORE_49
a93ddeef-42a7-4f0c-8669-0577320ebaa5,C73633,-95.31495368026897,2024-09-08 20:43:59.552759,STORE_48
60dc451e-0945-40f2-b288-346167d175d2,C70897,0.0,2024-05-30 05:25:24.970343,STORE_14
cd418a8b-ee18-4e43-932c-2508575d49f4,C18186,-15.903187157845437,2025-06-23 05:01:33.033047,STORE_23
0f5ebb2d-d115-44b0-b27f-ad3accd5957a,C39131,0.0,2025-01-05 04:34:21.120503,STORE_47
08a98e6b-34bb-4848-ae0d-916a2b77d4cb,C67197,184.54,2025-01-22 08:17:42.395761,STORE_36
8b569279-2610-4286-9b11-d1bb1d8bfe02,C99255,0.0,2024-11-17 15:57:16.940879,STORE_36
32a3bed8-5b8c-4014-97d7-1ac3b771de0a,C61598,0.0,2025-06-18 05:09:54.931509,STORE_8
ddb45f80-4b7e-44d4-806e-da868c3d48d5,C70081,0.0,2025-02-17 04:52:11.370866,STORE_17
bde044a0-1d4a-4955-8875-6b62d8b725c2,C67789,93.9,2025-04-29 12:31:29.851381,STORE_18
5acf92ec-595c-47f1-8e6b-96da343fba68,C42601,0.0,2025-01-31 17:53:50.616522,STORE_25
a1a6f791-098b-4382-8679-5868d4a26779,C13738,410.59,2025-09-04 12:08:11.257971,STORE_27
a92ad152-ad3f-4af6-a5a2-05e763ed761f,C94287,173.21,2024-10-24 12:18:54.750962,STORE_46
7a09e5cf-a8d2-4528-8400-45817b6295d8,C46164,0.0,2024-10-23 16:17:21.556037,STORE_38
857bf242-9035-49dd-b2c7-597bca2f7382,C77621,-5.9370029665127655,2025-08-04 00:11:22.890763,STORE_41
04f927b8-6a8f-4da7-9a4a-b65c26e5745a,C66882,91.77,2024-12-03 07:02:58.452286,STORE_5
1021c4b8-b178-4ff2-9a32-941afc981c05,C32720,-47.11127660369624,2024-05-09 01:27:14.410853,STORE_10
20016960-92c0-4bf5-8307-099e7be3af42,C10932,135.4,2025-12-29 11:42:32.559669,STORE_28
17942a4f-a3bd-4819-9ff4-d1854c6f13fb,C49141,-5.954194282546726,2024-06-10 10:55:13.074988,STORE_29
65b87b52-5230-4855-b475-943d66fb0a67,C13544,-30.315247424765708,2025-02-08 10:12:28.592928,STORE_19
1e8f5813-e9e6-41c8-bd8f-80ea562c2d89,C66262,0.0,2024-06-08 21:24:04.606628,STORE_49
58eff583-3b27-4ca2-a5c2-e114ab90ea66,C96365,0.0,2025-05-27 19:21:54.258102,STORE_23
2f036cb7-a6a6-42d4-af0d-163bd3a9704e,C66930,0.0,2026-03-25 04:47:47.618227,STORE_50
8f6de12f-c5cb-43f2-9032-916b9f730d51,C30405,-5.111785664055454,2026-03-11 16:48:40.602921,STORE_36
b0bfa6ea-1795-4f34-96eb-877ad26d868f,C78016,424.73,2025-03-19 05:54:39.831150,STORE_7
e17c62a4-0072-4135-84e0-d072c2f2b794,C37476,-49.78669136996585,2024-10-24 15:16:33.553591,STORE_8
5095e328-6384-45f4-ae12-58168f16abd0,C32263,-54.46239372951502,2025-09-16 04:47:14.638394,STORE_12
95e07ea2-e7c7-4164-a1e3-1d82790c90c3,C99970,142.67,2025-06-29 11:33:55.665679,STORE_6
47b802e6-2499-4ee6-9b4a-a798b62b4bb8,C32140,0.0,2024-08-23 05:26:27.724378,STORE_23
1f436dff-a8d0-4ae3-a548-84ce6ec31569,C42502,116.92,2024-09-14 22:13:49.465317,STORE_21
0fee3e0f-5ac7-4e00-bd6d-254c40248719,C69247,-90.9934888496954,2025-09-25 00:50:30.656616,STORE_1
922f9d45-26f3-48d0-b9df-929808fe09ed,C42446,-7.514583685596613,2026-02-06 07:26:38.151549,STORE_36
b682656a-27f0-4bdb-82b5-ff4187c88108,C25810,31.45,2024-08-04 04:10:17.930468,STORE_34
53a03622-cb97-4d31-a3fc-b1f1ef8f6651,C71550,0.0,2026-02-04 08:00:06.382813,STORE_33
49591800-2d66-46fd-b0ee-4bd6290b23aa,C84816,102.81,2025-08-14 02:26:40.972986,STORE_4
e472616d-83de-4d66-809a-e0de5c8bb3c6,C69857,29.64,2026-01-14 05:57:27.775514,STORE_9
1a261f6c-386e-4faa-9d6b-5a4747605b53,C50523,262.58,2025-04-27 19:14:45.414148,STORE_33
2e24baa2-4d1d-4fdf-b345-f70627514587,C96465,347.54,2026-01-17 03:58:05.802515,STORE_2
402c1aeb-8622-45b0-8d61-76355ba15869,C19273,105.39,2026-02-10 00:48:28.072017,STORE_13
5492950c-0b28-4a72-a2a4-7bc89948c988,C78657,-92.13510511321789,2025-01-07 10:39:42.852599,STORE_3
59125b31-f3c6-4a11-a182-74170777cc99,C89517,0.0,2025-02-27 15:20:01.557937,STORE_43
0076ce87-cfb0-4d3a-89a3-371139ff5045,C88883,-94.51366857687265,2025-10-31 20:54:08.249018,STORE_30
dd76df9d-c7e7-41c5-933f-8b30fc9e2046,C83655,0.0,2025-08-19 14:51:00.824089,STORE_8
c44be3ed-1674-4f80-92be-b8f2f3c51a9d,C13495,0.0,2024-05-22 03:24:49.937181,STORE_31
aef7c8fe-03ba-4844-aa0a-e719f540e68e,C83208,0.0,2024-12-05 05:22:13.411877,STORE_48
b7b97fbd-93c2-4734-bac6-3841c733aa1a,C95564,0.0,2024-11-15 03:37:05.513365,STORE_44
de0cfd2c-ea1c-4aa6-bb62-26f7860d9891,C52080,-57.35701448399888,2025-04-19 18:41:16.196649,STORE_14
3baf3450-d531-4298-a824-f2d66964c713,C87629,0.0,2025-10-02 04:34:27.310337,STORE_12
5cad331a-d742-4793-a752-bf6884d5708b,C68027,337.81,2025-05-21 16:49:59.045007,STORE_37
a5dd5f08-e620-4848-9a73-7759c678d52b,C10901,0.0,2024-06-08 05:49:30.339241,STORE_37
a8930501-fbbf-44f7-947b-c3c2262c39d7,C16094,0.0,2024-11-26 11:09:32.374777,STORE_45
4b298522-518b-4c00-b963-c0f4fe2bdd02,C53330,102.99,2024-06-16 20:03:49.691544,STORE_11
8d780945-d6f7-4275-8114-c6fbba355458,C96563,-20.724405125181196,2025-04-14 10:07:48.557101,STORE_36
a2a88f50-1964-4ac7-be2c-0972e917bcb3,C58947,-52.889207288999586,2025-10-15 00:02:18.687067,STORE_22
1465db3c-69cb-4706-afca-5de119a43eb7,C49218,-74.87344518957678,2024-07-16 11:05:54.382259,STORE_47
9b89c21f-61b7-4ef9-ad1e-d8bc5a7a5d9f,C95102,0.0,2025-06-19 01:58:37.895116,STORE_34
b6b6e4d2-dfc8-4e13-a461-dfd1dd51ee24,C32569,496.59,2025-06-03 00:07:41.113079,STORE_5
2360ce85-2656-4faf-a21e-2d4b7013a703,C89316,431.94,2025-08-23 07:29:26.389153,STORE_16
4d041d52-b5cc-49b5-9679-18b9f27b6aae,C89291,53.36,2026-02-27 03:13:24.508490,STORE_30
ef658730-5456-4574-a5b4-25275bc7c454,C13158,0.0,2025-02-11 19:01:07.892219,STORE_43
abcc18af-6a3f-478a-b902-a55ff2727480,C80014,-80.05708112993902,2025-10-23 12:08:48.465397,STORE_20
1880ce65-6896-46b7-9c32-7280dda08005,C41127,-35.18692269893557,2025-11-28 17:55:37.969529,STORE_26
49e5e5ba-e54d-4c17-b850-2458021ed96a,C61437,0.0,2024-08-27 11:21:03.979061,STORE_15
367bcc34-6ce1-41a3-bcf5-cd150e2afd4f,C24734,456.36,2025-09-21 22:45:01.388842,STORE_29
9be70a2a-9699-4123-9dc8-782a16a62fb0,C98199,0.0,2026-03-11 14:05:35.456628,STORE_15
9e545607-e5a8-4ff4-85f7-8cf723b3b83a,C16935,-93.56424247615098,2025-03-10 04:54:14.383967,STORE_40
96adbf52-451c-442e-b4e7-4b521390e09f,C55771,-56.84890577788266,2024-05-07 12:45:23.944821,STORE_40
b30a7e2e-b74a-4235-8ac2-19b45f0448ac,C86756,-4.904696276093465,2024-12-27 09:37:55.128036,STORE_36
efa2123d-77dc-4991-997d-8486816e0d99,C12733,0.0,2025-04-11 14:57:20.730690,STORE_7
8718e355-c14b-4911-879c-f169973d513f,C71064,0.0,2024-10-20 21:29:19.144844,STORE_45
a3d7b9c7-70aa-4772-986a-14174ffcbf5c,C91043,217.52,2025-05-14 04:40:19.340834,STORE_45
de601988-9a18-4e2f-8e5f-d023745f478f,C37455,256.09,2024-07-28 09:48:24.519224,STORE_5
04e737f5-2f78-4658-8676-4e9fae603873,C34328,0.0,2025-02-17 11:17:09.535779,STORE_24
0c9191de-a13c-450b-b0cf-1e5130f59071,C15186,-56.60085849076677,2024-10-08 03:53:14.756472,STORE_7
82a902df-edc6-4204-ac5e-1b193a7d7a3b,C19279,-64.20863160892799,2024-06-29 20:32:50.030431,STORE_15
f73850cc-f672-4c3a-92b2-ad9db54da497,C79873,-43.47802449766067,2025-11-18 13:37:37.291879,STORE_24
305dfa6c-1bc8-47ea-b3b2-6ae2d60cfc13,C43251,0.0,2024-06-20 10:35:36.218271,STORE_28
acedd3a0-08a6-4b44-ba4c-091ec05b2370,C35290,-42.26405633387658,2025-07-12 13:10:14.256224,STORE_44
cbfc8210-01f2-42fd-a4d5-1d225f445180,C74858,-78.95102583557316,2024-09-29 12:00:52.418828,STORE_4
d3383167-641e-483a-acd0-900899af4c7d,C40606,427.22,2025-08-05 04:14:46.831757,STORE_32
c37b05b4-8c9a-4663-8c68-f6e8bd57ed09,C27592,199.62,2025-11-07 21:24:48.521437,STORE_32
64203b60-ddd4-4ce5-b136-eda40cff2a91,C96136,-25.832898305489874,2024-11-08 19:15:37.215369,STORE_22
cfc314ac-a899-4476-a840-1531f37912ca,C55700,-58.27052799016079,2025-07-18 03:33:57.274717,STORE_38
1e11382a-3fb4-48de-8a7d-149dc7a5987b,C55029,-39.17672992026102,2024-09-30 00:59:05.966379,STORE_9
7c33620a-5e86-4535-bd90-6131cff9344f,C67277,383.46,2025-09-20 00:40:36.265957,STORE_50
eebaace1-2938-4435-a227-858125c8de40,C21318,-19.210153781577258,2025-06-12 19:41:53.375065,STORE_32
4638d6f1-c6aa-4af9-9f2b-aeebff07c1bc,C91857,-35.79486164290672,2025-11-01 03:09:14.100847,STORE_26
129aa607-d7a5-4003-9bb6-671ec21bf234,C63191,0.0,2024-04-05 01:55:40.339242,STORE_36
fd8a15d5-6cf3-4d3d-a1c9-8e20a5bd92d1,C23188,0.0,2026-03-06 00:13:45.039134,STORE_41
9b720e2a-4e69-4acb-92f3-a769977974f7,C69455,150.22,2025-10-31 10:57:45.919495,STORE_41
b78de965-7bfa-480f-bafc-b7e979489df9,C89278,12.74,2025-09-11 17:12:30.716545,STORE_37
e2f785e4-cc5d-4a36-8ad4-b958fc7f8a49,C85686,0.0,2025-10-29 06:48:23.310847,STORE_34
ee03f237-4912-4fef-ba04-4c6b02dbe1a7,C53648,-39.33457609029689,2024-06-26 01:11:43.112056,STORE_45
1a2b64fa-a4d9-489e-a188-baa2a7469f51,C35125,352.91,2025-05-21 10:28:47.856167,STORE_20
afff2585-920e-4c5d-a24d-fe60736306d1,C51771,-98.51009965688765,2025-01-08 05:34:38.510563,STORE_5
ef528b97-e5b0-4e68-88f3-bb78e4e8072b,C16403,-22.830614406878777,2025-06-26 15:00:26.441232,STORE_36
c9702f53-591d-4ed8-a305-30da05bee7e1,C18898,80.84,2025-05-10 15:18:18.733986,STORE_36
8d29dc7a-3a75-4185-9a9f-7f65189b2902,C77700,-48.29165290032196,2025-01-25 03:14:02.314909,STORE_46
52da684e-d39b-4812-adca-319ee2d0fe8b,C12499,126.51,2025-05-12 04:02:13.445441,STORE_7
1f95c33a-24ce-4f7f-a66c-dfa0e59996a3,C85272,0.0,2025-11-10 07:10:19.503709,STORE_27
22af44f6-b22b-4ab1-818a-e94d1cbc386f,C96205,0.0,2024-11-22 16:03:42.978910,STORE_16
3d12dea9-04f8-4da7-88fb-b12ae9781854,C99897,0.0,2024-11-16 23:33:54.884548,STORE_22
cae0dc48-ef10-482f-86e2-a5f749474ae1,C10548,-45.90780917846095,2025-12-23 14:39:02.287614,STORE_40
04c85996-9399-4ee2-b44c-e3eed066183c,C71641,0.0,2025-06-26 23:32:27.514557,STORE_23
072ff0b7-8118-4299-9932-a347ecff0bcf,C18412,0.0,2025-09-02 18:32:19.226592,STORE_44
c3047325-e99d-4cd8-97d6-4e1732846e99,C78852,-86.94613865936557,2024-10-20 08:00:47.274393,STORE_23
0f51eb52-5750-42dd-9539-33a5740cc272,C56054,293.44,2025-06-18 05:58:36.837466,STORE_26
b4deadff-a797-4b7a-9500-dd5d77e73217,C98087,-64.5340203753803,2024-08-26 00:36:54.877545,STORE_9
b7b56cef-80c0-43f9-baf9-c588d1c3b696,C55873,0.0,2025-07-19 11:12:45.445100,STORE_7
0f38fe64-be35-4bde-8db4-e99a2957bae4,C64785,-7.676003783868151,2026-02-13 09:51:57.749913,STORE_29
c5b39712-f2f9-48bf-ae6e-11cafaa2b9f6,C61231,-6.882121437856953,2024-04-29 15:57:22.778688,STORE_33
87c9ef0d-fe71-4b8b-a10c-95574b307b52,C21510,-57.331682917470154,2024-04-02 15:06:46.110820,STORE_22
a9184327-1f57-4796-98ec-f9f61d81bb2b,C36763,0.0,2025-12-21 09:44:33.947950,STORE_31
2d43657d-4029-4677-a4d7-562456f73302,C94140,-69.09388656464886,2024-12-31 08:37:40.581996,STORE_20
55995eb1-f953-48ad-8132-9b791013f874,C39188,130.56,2024-10-29 16:12:59.419937,STORE_33
28c624cf-099f-4106-8a5e-3701f87ba197,C62102,248.15,2026-01-19 08:55:11.215033,STORE_44
c4c05d76-bd3e-4fa8-b0e3-a1c43bf5cc0b,C52683,-3.5999229779291477,2025-07-27 02:54:46.314638,STORE_17
db52926f-f79e-4840-a249-3a0effdbd4fd,C46755,0.0,2025-07-09 16:12:59.380883,STORE_38
132d2375-27b2-4cb0-9fbb-ff1e7086ce5d,C93705,-32.0921760190381,2025-04-12 09:08:22.045515,STORE_42
619a6cc0-20ba-461d-abc5-433bd0ed9b2b,C67833,442.42,2024-04-16 13:14:08.297388,STORE_16
8708c738-67ee-49ce-a948-f0c1da1aded1,C10700,-90.1938016365976,2025-07-10 09:42:06.409528,STORE_27
482fef41-a5b0-4355-9b83-87dbe0c34845,C32572,234.26,2024-12-12 02:30:47.940788,STORE_47
40c50e76-f3f2-41d7-ad06-e6de45072afb,C33176,-15.292248100827415,2025-01-17 03:09:04.833714,STORE_11
c9a84a8c-accc-48a6-ad05-3ae58366b470,C64149,-92.31209391270794,2024-12-23 08:18:04.989262,STORE_12
0604b415-581d-42bf-b8f1-05097b40bb8b,C93521,128.45,2024-06-30 19:15:21.480826,STORE_6
a13380d2-486c-4571-9a39-497a4bba11d7,C70295,0.0,2024-08-11 00:51:47.698070,STORE_35
44e73168-4b64-4124-ba1d-8c1a790fadb1,C11152,-37.27188022518253,2026-03-21 19:36:23.288893,STORE_19
d98e970d-f7ed-45d4-bbfe-63758aaf9fa6,C61334,0.0,2025-10-24 03:32:30.181808,STORE_27
cfc02b0e-4328-4620-ad37-4ad1f8734161,C24980,343.69,2025-07-13 09:15:08.210808,STORE_4
547d7cae-2dd0-4863-a15d-e92a9dda68f9,C10530,0.0,2025-06-07 02:57:02.490639,STORE_24
ce118385-a45f-4ff1-b7d7-a91b49c2fdcc,C66914,-54.001951712736926,2024-08-31 13:33:35.228811,STORE_2
82d1423b-b59d-4498-9a75-a4462be67678,C20822,0.0,2025-01-26 17:37:25.824982,STORE_20
3c735ee2-58fb-4131-add6-0f75779c80f8,C50175,202.5,2025-09-25 19:57:21.395291,STORE_20
79fdebe8-63c0-49ed-bb93-efe2a74da73e,C24336,112.23,2025-10-22 23:50:36.584390,STORE_41
d89d369b-a92f-43c7-a0e4-e3c8647325f9,C14424,-94.46925858907794,2025-06-28 02:00:18.262676,STORE_21
0ebae8fd-c715-442e-8412-85ae7c95f127,C15795,0.0,2025-08-08 17:55:52.763072,STORE_4
e40f1eaf-0820-4c3d-bbaa-84fbbc0bc633,C33748,-18.603852817713097,2024-09-03 00:09:12.952906,STORE_7
eacec7f1-77dc-4c6f-9a78-a467ebc21ca9,C80707,-2.231889034799889,2024-06-20 11:31:30.664739,STORE_35
c9b2e468-a384-4a1c-990a-51fedce66476,C61486,0.0,2026-04-01 04:37:52.964889,STORE_25
ee6e6aa3-75ec-4f44-8902-509c91fa8884,C42300,-58.214946911528436,2025-12-21 07:58:15.502896,STORE_35
31bbcb71-4bd9-4cbd-b223-c5d9471ef83f,C10970,-42.69760586873872,2026-03-29 19:14:00.349924,STORE_40
a7b9d32d-2449-473e-b990-18faa0307bb5,C98037,0.0,2024-07-28 02:31:37.253384,STORE_47
f230c1f4-9550-4669-9b97-5493b3b4075f,C53589,0.0,2024-12-03 01:05:59.207016,STORE_37
60168e6f-77d2-4878-a278-17dfd38ce06a,C68979,0.0,2025-03-16 01:15:54.207267,STORE_41
377d02d0-b8ea-4039-8dab-8c57821fb415,C96405,322.54,2024-08-05 09:19:29.172890,STORE_44
b82f3976-38c1-46f2-8126-8b32e5130bf5,C28223,-8.226933823326629,2024-09-28 05:30:52.967374,STORE_42
a63e67e8-1acb-48c2-8460-ca7b32814bcf,C38811,0.0,2025-05-25 01:47:33.584552,STORE_5
d1c64266-9da3-427d-8763-c0e9d26613d1,C63003,426.55,2025-06-28 20:37:55.924731,STORE_46
0a4441bc-fb4b-4ff6-9223-30bc1175ea90,C30224,0.0,2024-08-26 16:13:10.334295,STORE_47
3b38cda7-f81a-4933-8fd6-125bdba1b5ff,C25959,0.0,2026-03-02 02:16:12.533640,STORE_44
d77df46e-544d-4e2c-b25c-01be022ca518,C25546,0.0,2024-07-28 05:51:13.598504,STORE_12
68fc75b5-6224-4dee-b943-ac3c9e217be8,C92517,285.51,2024-09-10 23:34:01.727053,STORE_7
2083b74d-4b3d-4a65-b733-f14b562b8e83,C79303,0.0,2024-07-07 11:55:58.977401,STORE_27
bc21d202-3b50-4aff-a1f2-072f4541e3a3,C53930,463.09,2024-12-09 18:48:16.165555,STORE_27
54e3d959-cbff-4808-bc79-4d122c836c3d,C30392,0.0,2025-02-13 16:55:57.931543,STORE_6
f3a991f5-9810-4977-a76e-d977d2e1c527,C81048,-36.04040107689683,2024-06-15 05:44:54.589031,STORE_33
8421d0e1-c211-492b-95cc-dab4f96d45d4,C82836,-94.80272908442937,2024-11-08 12:09:44.000278,STORE_5
ec12aebe-c00d-4c7c-9aec-b11aad06bc36,C67035,143.79,2025-03-07 09:38:28.040135,STORE_42
07ef3df1-d91b-4402-900a-7e726f24eb2a,C47092,-53.32848117072404,2025-01-28 10:02:55.776192,STORE_38
992565ea-6cc6-42a9-b20e-d20e6875dd7d,C90533,412.66,2025-12-15 22:46:18.844444,STORE_50
6cb486c6-1900-464b-b909-eec54106d07e,C52827,0.0,2026-02-02 05:32:45.583845,STORE_50
458781de-8d1b-498c-ac59-19de433dd9eb,C96308,0.0,2026-02-04 20:25:17.107541,STORE_29
eb72094d-fa12-48f0-ac70-98b4f049de88,C90915,0.0,2025-08-28 02:33:40.200579,STORE_19
ab9571ef-34fc-4007-896b-025f5dfe90c9,C76626,-34.451439093360904,2024-05-09 15:53:43.849833,STORE_8
ccc9e575-1f66-43a4-a8b8-80048d60fd4f,C10244,-34.62667994139596,2024-07-30 22:26:24.140313,STORE_29
8dda4d03-2290-4f3c-a7d8-6edd193fa53e,C56495,0.0,2024-06-02 05:11:55.352991,STORE_15
ec9a56c2-abb1-4dce-8245-4d56be6697a2,C56912,0.0,2025-04-26 10:19:43.495416,STORE_6
aff54971-4ac9-4935-a4f0-318805231c50,C85484,450.59,2025-05-17 20:04:44.829956,STORE_6
c1b3b5c2-ba1a-4dca-bc29-3ea367d78ba3,C72861,-7.607348803661084,2024-12-17 04:01:56.290734,STORE_39
5b88d2c2-96a3-40de-a53f-aa6798958aa4,C22217,245.78,2025-06-20 08:21:04.848512,STORE_22
9959b530-5a7c-4959-9ca4-68c3e96f20b4,C97304,196.59,2025-02-04 17:57:37.305598,STORE_41
1c85df21-15f6-4f52-8248-4c1745096d01,C46959,488.48,2025-10-25 21:58:39.159656,STORE_45
ffd643d8-5cd4-4064-bf8d-fd49bd0e6111,C11735,-83.25233093458137,2024-12-20 05:07:23.621716,STORE_10
aaa5addc-6bd7-42d1-b849-98fce728a693,C33387,94.33,2025-08-15 15:22:01.865265,STORE_12
aa7422dc-7487-4c06-a4a6-1ee87d329092,C70097,-99.22909501046604,2024-06-30 12:52:09.575279,STORE_8
e2c955c6-df9f-4be0-91bb-11f247770f1e,C91217,357.13,2025-09-04 23:26:53.640294,STORE_14
c1df5e8f-e4d6-47aa-9be2-47aedbbb46da,C46240,243.87,2024-05-31 08:48:37.049900,STORE_11
0056d4ad-8155-4da8-b6ec-069c2689fa67,C24695,-14.274163710180215,2024-08-25 19:04:00.737890,STORE_10
6059b394-fc02-4448-8521-45c5fcbec65e,C71177,0.0,2025-07-15 10:03:13.336288,STORE_13
b8b845ca-f554-4100-ae67-2985d079efaf,C71035,-71.22178977266108,2026-01-27 14:57:23.063339,STORE_21
db610ea0-fcb9-414a-8c54-97c7a56c8c5f,C58820,168.81,2024-04-17 01:50:35.435144,STORE_19
6af66573-30ef-4674-9773-c435983399d3,C76890,-81.16816198402937,2025-05-30 09:10:25.309375,STORE_44
ce58ff9e-8c4c-44a0-9c91-4866fe02feab,C21728,0.0,2025-03-17 07:48:36.688419,STORE_7
cee559eb-1ef9-46e8-94b4-40779da87c02,C99485,0.0,2026-01-22 19:13:28.067213,STORE_21
ab91e64b-0ee9-4d54-9a7e-1eaad85d3618,C29509,33.02,2024-08-25 16:13:37.150136,STORE_39
db728f2a-ca00-4db6-889f-f5cc1325acd9,C66727,76.1,2024-11-03 05:52:11.576866,STORE_23
8371e6b9-f9f5-4845-9d7d-6689cf4da91f,C17871,240.24,2025-06-11 18:03:12.197173,STORE_25
b40fd061-c49b-4985-9ef2-df8eea5536fc,C26118,0.0,2024-10-25 23:47:21.523768,STORE_1
54d26c1c-b841-4e73-bfb7-efb3f7a93cfe,C34435,402.67,2026-02-09 21:49:37.667138,STORE_10
50c1c39f-8c45-4c94-a660-5b24b5648dcb,C91202,0.0,2024-06-21 21:15:21.257534,STORE_41
6253909e-2c5c-40c5-a8fb-9f07a6d893e1,C17428,67.64,2025-03-23 23:42:51.727878,STORE_9
6dfd62bc-a8f5-4301-be28-6324f0cf6ce9,C57115,-47.27129499913357,2026-03-01 10:23:34.441811,STORE_24
68d752b6-6ff3-40b8-ae86-dacbdf716ea1,C71838,-1.2629718936484302,2024-04-27 03:49:20.332969,STORE_29
9b8a0cdb-8389-4660-8b73-b1e88eae2670,C91085,-1.8218107618748773,2024-11-30 07:02:47.159353,STORE_3
57fd5ea2-a838-46c6-a16f-31a4f85a7abf,C14190,-99.87934459226813,2024-08-04 06:26:16.088825,STORE_19
bc8c64b3-f152-4c21-b356-eb3f86cdc98a,C96301,186.86,2025-08-16 06:10:28.014804,STORE_23
9d9535d9-2d50-41b5-bd72-b3063af8637d,C16483,40.68,2024-10-15 15:05:36.018371,STORE_50
db0597b5-16f1-4412-8a4c-6c27d066e57c,C22979,0.0,2024-04-12 20:24:49.388433,STORE_15
c08d2744-5592-4a5f-8830-a37d5b5be3f8,C51208,472.35,2024-11-21 21:40:46.252979,STORE_38
fb7a2439-5316-46f7-acea-a2293514c849,C87478,306.97,2025-03-08 05:15:46.735195,STORE_12
baf34dff-02dc-41d8-90b2-412706651234,C22594,0.0,2025-03-07 13:46:41.076872,STORE_37
469667b8-2760-4bb6-8c36-4d46073af1c6,C12771,383.44,2025-12-31 09:53:55.116585,STORE_3
e770b16e-7d56-4ab1-9fb1-0638ef01e2ad,C50429,-8.779670628260638,2024-05-15 13:38:44.197925,STORE_43
e814b288-e8d9-42b3-9730-f5d40a25a12e,C31660,0.0,2025-09-11 22:35:27.266207,STORE_44
5feb6f33-6ed0-4834-9994-a488824aacb0,C14955,0.0,2025-09-03 03:40:53.094889,STORE_12
a5dfccc5-fd71-49fe-98d7-3c67837f4441,C56643,-52.64898071766003,2025-05-11 11:22:35.104075,STORE_47
5c3441a9-10a2-4f30-8b99-7ce026e98948,C71280,0.0,2024-06-03 17:47:16.492033,STORE_34
4e09a081-da4a-4fcf-a73f-4a515f0d945e,C50265,-38.340812869954654,2024-05-24 22:44:39.815874,STORE_41
5512270a-4216-4b9a-bef6-3d49d0ba290d,C77907,314.07,2026-03-16 06:22:13.344588,STORE_50
abcc54d3-a13d-426f-97a3-94320e19392b,C54514,0.0,2025-04-10 20:11:44.669483,STORE_37
d5ce74e7-1bea-46fa-a9d5-20d32385052d,C61157,82.67,2026-01-28 12:14:31.317057,STORE_13
3d119c17-0f4d-410e-bc7e-a18233e7bd01,C73879,414.68,2024-04-08 20:00:07.758523,STORE_45
b2b7b587-2e49-4aed-bb67-171f233778b6,C17097,256.88,2026-01-02 09:35:33.960087,STORE_33
69942b94-1c92-4cc6-a8c5-7f44265516bb,C15304,0.0,2025-03-04 19:16:12.318796,STORE_41
2b9c98c1-0bb1-44be-b05c-0c58c4f69a11,C19991,-89.27068486111598,2024-12-11 18:47:33.895091,STORE_13
b023b5d7-dacc-42e5-a3d9-21f49aa65923,C88953,-18.251428569753507,2024-10-25 13:47:45.935701,STORE_3
31ffb5f5-ce8e-4a56-92ea-12722c4e9cb4,C86749,-61.486109560738804,2026-01-23 10:45:29.381109,STORE_47
f4c94bed-47b2-4994-a8e0-4b31fc90bc14,C85647,-25.003079373911117,2025-05-23 13:21:48.354601,STORE_43
3d4d1452-3665-4ecc-a7a3-156ece05b10d,C91052,-80.79721004051845,2026-03-12 17:10:07.706117,STORE_41
886ede02-ddff-4d75-82db-fcbb0b3717da,C68747,45.03,2024-10-27 02:29:36.554478,STORE_11
3085e18a-46f4-46a9-9834-1785ca41e905,C35043,-38.108339490163445,2025-04-13 21:28:33.568492,STORE_36
d2b9f7de-95c4-426a-9f61-0936bab61aff,C43947,-62.69221069588554,2024-10-14 20:23:46.050968,STORE_31
79d9a87e-1f10-47e7-bb22-c25fc1a8bce0,C48219,-50.83820982681436,2025-09-12 09:11:37.790429,STORE_3
726ae8b8-d480-4f52-8b7a-64dd681d80ac,C69646,0.0,2025-02-22 02:18:38.454684,STORE_18
26730f0f-39e0-454d-b0c7-39feb65a4b1b,C68960,0.0,2025-04-28 01:41:18.521000,STORE_27
660e7da2-f307-4a5c-a2da-fc88ce503e65,C77063,0.0,2024-04-24 17:33:58.860542,STORE_36
3a2ce4e4-283c-4057-b9e1-4be041478e8e,C87454,0.0,2024-06-18 21:57:36.133485,STORE_43
d6e5432d-481a-4746-9a9a-54883f1a3745,C17468,0.0,2024-09-12 15:34:52.790856,STORE_49
1e881f0f-8a93-48be-a7c0-980713723084,C85451,0.0,2025-10-07 03:21:31.947974,STORE_5
6428eb93-c84f-45b0-b02c-e53b38628f58,C77937,379.33,2025-05-25 12:04:08.843533,STORE_22
e2ba31ac-25a0-416c-b0dc-d0d77ae2af3e,C11698,95.15,2025-04-12 05:21:13.229488,STORE_2
a8b1ba8f-0441-43f9-8b53-4b3839f0c10e,C56037,-35.6934596715622,2024-04-09 23:08:34.913616,STORE_31
92e7a3e0-cb81-42fc-a664-30eceaf2ed60,C28100,329.52,2025-07-05 11:41:46.646917,STORE_34
d380cc89-5f34-45fe-ab50-9e343f71e6b6,C31849,-22.92467802704206,2025-03-20 01:39:47.833099,STORE_50
4caf4594-6653-4cfc-8e02-34dab250976b,C28503,0.0,2024-05-26 15:00:20.828420,STORE_37
86fe9726-2e80-42ed-98bb-5a41e932989e,C64975,-61.150449597978486,2024-10-09 12:54:42.728808,STORE_7
7eb05914-c098-45d2-b835-ad8b6cda8c23,C96254,-50.927941741101726,2024-07-05 14:50:51.650978,STORE_28
2a4875f2-dd15-42e5-9ac6-6eb44d839013,C30416,40.82,2024-04-24 03:03:21.338074,STORE_7
9e0524d4-e614-4ab6-8247-d4a2319f7f37,C24406,-33.72397831782573,2024-06-21 16:12:23.236378,STORE_14
f4f02e48-ba1a-444e-97ed-a65c1c2b2406,C51411,-8.893413709720754,2025-02-07 21:25:39.678135,STORE_47
2aa869ac-a164-43b3-835d-10714e4fdbe7,C50604,-67.94154929447222,2026-04-02 06:57:53.227535,STORE_29
c8b61e0f-1611-402f-9e05-84cb4294d705,C61176,-24.179780428280345,2026-01-27 12:07:27.919982,STORE_39
8e90e27c-aa37-4b2c-944a-42451434b423,C48723,0.0,2026-02-17 04:46:41.981439,STORE_17
b65d7cad-93d1-49bb-a8d7-8a69db76664b,C47365,0.0,2024-09-15 20:32:46.634312,STORE_31
c1541826-b63e-4c69-a9cc-8da7fcce8651,C98151,-21.43485164007237,2026-02-07 08:25:03.955239,STORE_3
e45341fa-304a-4189-a70e-f1009f692fca,C82185,94.7,2025-09-20 08:52:17.194461,STORE_23
d747ea10-a82f-4aa2-82f0-ab64ca432b85,C53455,0.0,2025-01-18 02:57:24.196075,STORE_39
29729a37-2c55-44f7-b1ec-e5cd85dbd5e7,C15117,0.0,2025-11-14 12:44:44.113204,STORE_46
51fdae14-d256-434f-bbb2-b9a37e529ade,C42470,491.73,2026-03-17 09:44:30.363045,STORE_24
48ccf4c6-0fa5-4b59-9857-d6c570ad0531,C48372,0.0,2025-04-29 08:17:16.343381,STORE_10
29d13094-5f8d-47fc-8101-4992c683c4e5,C22197,-83.94212400311353,2025-07-24 00:17:19.774783,STORE_49
57fcaf62-ce3b-42fe-880f-819fd10f7384,C95378,286.49,2024-07-01 21:32:07.669362,STORE_45
fd999a16-ad02-4bca-b1b9-206dcf00911e,C22777,396.33,2024-08-08 00:25:33.792195,STORE_6
dc78eff9-7bc1-4145-bbce-59d2d066e4ce,C10980,0.0,2024-12-06 16:33:19.566754,STORE_8
af63993e-144c-4810-aa3a-58806dacbe1d,C43558,160.82,2024-08-20 10:10:59.686919,STORE_31
cb121c0b-4ab0-40f2-90cb-8133abc3d3d6,C82436,174.07,2024-09-12 18:11:55.844146,STORE_48
4ea9113f-afb8-4191-87b4-4b3884b4d638,C98574,204.15,2025-05-04 09:32:39.544877,STORE_27
c17456df-da51-492a-8ee3-5e394b0a29ed,C16885,-29.94061181420531,2024-06-29 18:30:49.477804,STORE_50
5f4d832f-b028-4bf4-9bd0-f5ddce6a5ca1,C44154,13.31,2024-10-29 16:53:09.858328,STORE_25
95e4db66-b1ff-40c2-8947-741e9c82cecd,C60237,323.82,2025-09-30 16:37:38.370628,STORE_26
aced7169-a8e5-4417-803a-37ec6293310e,C48370,-83.66405988899572,2026-02-02 11:39:30.601450,STORE_29
74fb754f-38fc-47a2-9ea3-0211ef951322,C48393,0.0,2025-11-26 03:58:35.001864,STORE_34
ec139a7b-535a-4c33-9eff-71047a3f980d,C77997,0.0,2024-05-20 04:30:50.904531,STORE_22
7c6c0cd8-2d22-4c86-88a7-41667bd6d2cd,C11527,275.56,2024-04-14 18:07:15.538457,STORE_19
adb49f6a-398d-4cbc-99b4-a02634002a57,C69584,140.35,2024-06-19 19:16:05.500278,STORE_21
33a75c5a-977b-4367-bc02-4c6488cf7f7c,C84973,-35.72344232068701,2024-04-21 05:41:33.627262,STORE_1
43e6e0d7-5df4-4613-8d40-482cf8e653d7,C80945,0.0,2025-08-12 00:14:28.478179,STORE_31
21e933c1-28e7-4a3c-a807-d6bd1986e12d,C21458,-20.106800430914696,2024-09-04 17:39:49.083811,STORE_22
c4d6b86d-5f77-41c9-90a8-06bc6d597eb5,C29915,0.0,2025-10-31 21:06:43.204897,STORE_12
446db270-7f93-405a-85d7-aa518884aed5,C76693,0.0,2025-04-08 10:59:34.846311,STORE_36
77c5d0a2-1c91-4417-8b53-695c42dba3da,C18720,-69.84175833435421,2024-09-22 05:55:26.331559,STORE_42
53c70e58-14c9-45ab-8671-1f269925a7b3,C96304,438.81,2024-07-15 03:12:48.871958,STORE_33
2709593f-9d2b-4133-b842-ea01e9279fd5,C53710,331.0,2025-02-23 03:19:42.485687,STORE_22
ed559afb-45a0-423e-9705-5a8df414c482,C34992,-93.64103221228777,2024-11-01 01:25:18.677817,STORE_25
75c68da1-7aab-46c8-991c-8afd5c16f780,C37054,-5.489612418897498,2025-12-23 10:30:09.231376,STORE_25
8dddbd66-44ee-44be-a884-8cb94175b7ec,C79178,0.0,2024-07-24 02:15:17.121120,STORE_50
f3260a7f-d025-4581-be5e-3c232396dc83,C70011,-29.507707871202026,2025-11-11 13:09:25.085104,STORE_15
430b86f9-06f5-43b9-a1f0-7502f0a7c3ae,C50535,0.0,2025-07-04 11:39:45.868764,STORE_45
0c8f4789-db9e-4323-9143-90695ffcda0d,C92368,139.03,2024-09-26 16:05:35.526149,STORE_34
6b7a83d4-0fe2-4728-9f00-04704265a8ca,C83396,151.37,2024-08-02 12:56:36.910069,STORE_48
8420a119-6a33-4a9a-bd0a-9bfff8e57559,C82637,0.0,2024-05-13 09:47:13.218576,STORE_38
56ab0e55-849f-485c-8d46-980ad73c2f5f,C66089,154.71,2025-11-15 11:50:31.574623,STORE_12
64ce5310-9ff1-43a1-8cc0-c8bce2561fc7,C39318,0.0,2024-07-25 23:01:12.500760,STORE_5
87257294-310a-46b7-ba27-0ac1d0faa153,C74598,350.4,2024-07-30 03:19:34.400741,STORE_43
245679aa-b9c2-456c-9f63-0d4e19081939,C54211,-30.239528410289896,2025-04-29 17:39:09.903496,STORE_17
2843c4f4-e9e8-4f33-8143-2968bab63223,C85008,0.0,2025-10-01 05:59:37.979327,STORE_41
8e673b95-2043-4aff-8e15-b75ae5e2375f,C10534,446.51,2025-08-24 12:43:50.382450,STORE_25
81de3cd5-fb85-47f8-b584-916de4e774e5,C26828,234.14,2025-03-17 04:10:34.162812,STORE_27
46c9dbac-4fca-4966-95cb-15323d97ef59,C62206,0.0,2024-11-16 14:23:11.750857,STORE_36
6c29e7b7-9f27-4de7-b5cb-1a2a40404275,C37665,0.0,2025-11-07 09:42:28.837101,STORE_14
9e2f5c73-7783-428e-8641-d209d4e5c540,C96049,0.0,2026-01-31 05:21:18.896491,STORE_42
a122a1a9-2c2d-418d-9ac9-2e93e32ea72f,C44341,279.65,2025-01-03 15:30:25.687426,STORE_48
7ea96655-f06f-4582-80fc-5a4dd4bbe9c1,C73728,-33.07419906313086,2025-04-17 11:57:42.004676,STORE_10
089521a5-5a8b-41b2-97ff-46a0f89d8062,C14155,0.0,2024-05-04 08:37:49.651724,STORE_26
c92685f9-1ff8-4370-8363-ccf59ec0519f,C77316,192.68,2024-12-19 08:12:08.893113,STORE_26
d1a5a9c7-4377-4b8d-b405-93751bc23ff8,C15837,-60.0123459072155,2025-05-17 00:15:34.550673,STORE_47
2e5bddeb-eed6-4539-b667-be2633defec8,C72585,109.17,2025-02-17 02:30:51.750082,STORE_17
7cf5e272-c66a-4449-a376-f0509e4724f8,C29794,0.0,2025-02-26 05:39:56.862892,STORE_45
26a1ffc3-6fdf-418c-88ba-a5dac271a882,C94403,-70.09176776429689,2024-11-12 22:12:49.152061,STORE_24
83c345fe-f6a8-47b7-a0c8-275dc19e3bbd,C66303,207.59,2024-05-31 17:37:37.654362,STORE_1
9ffd92aa-6f84-4b68-b1d3-b7ab329dc02d,C29504,0.0,2024-08-25 18:25:02.534733,STORE_34
0e11f964-8787-461e-8f9a-e58e4089368b,C13601,-79.30966194024306,2026-01-06 18:54:10.250591,STORE_31
b32d055a-385f-42f6-be2a-2f03f498b50f,C59395,305.67,2025-05-19 22:38:31.624328,STORE_15
dc76e976-3be8-402b-95f7-0ae117e0443d,C40367,0.0,2025-10-24 11:59:23.454146,STORE_43
7d347080-1580-4742-b79b-efeedcb790f7,C93089,-18.26624367372087,2025-03-21 00:10:38.242785,STORE_29
08f99fac-e275-4c32-ac14-6c7b02506f2d,C38891,38.06,2025-10-15 03:52:37.594831,STORE_50
9c1e5759-cb50-428f-ab01-910d879b9d58,C67786,217.09,2025-01-15 13:09:05.645309,STORE_22
4327c0eb-b7ed-4b8d-bcb0-4e2ee5d691ee,C74914,49.43,2025-10-25 17:16:12.306810,STORE_30
ccddddfd-53ef-4ce1-91e6-4f52b9e38db7,C52720,0.0,2024-04-28 14:01:43.707829,STORE_38
bb44337e-2a4c-422e-ad7a-1c19f2a75d71,C25710,-58.902515881671846,2025-11-09 03:17:20.150342,STORE_37
13ac9f18-f1d4-4e92-af86-226756a4869b,C10311,-4.292423313268078,2025-02-27 07:24:17.465892,STORE_18
821ea97f-396d-4a6e-8d57-ab196d3665c7,C80860,-60.93808040234566,2025-11-09 01:45:59.942357,STORE_31
392087c3-0cd6-4ff7-b9ff-700812b98fb8,C56951,486.47,2025-12-27 17:16:35.144823,STORE_2
5f6c8695-d308-4642-98ff-29420054f8a6,C88087,-7.7155397897162485,2024-10-09 03:39:47.480669,STORE_44
fc07b594-00a1-442a-bb45-72ba45fc55b4,C63281,-77.06832248319594,2025-08-06 14:41:33.911074,STORE_42
ee5af58a-32cd-4cc0-9b51-668cccb4d718,C99284,0.0,2026-03-30 10:44:30.822263,STORE_8
defa4df4-52d5-4fa0-9f36-b98ec7ffb235,C23714,0.0,2025-04-01 23:44:34.949553,STORE_7
ac1281a6-c542-4200-92bc-18f253a8b9dd,C53491,0.0,2025-11-19 15:30:55.278389,STORE_8
b17439ee-7d8f-4d00-9356-61d65ffbdf58,C56741,463.34,2024-07-21 21:10:32.398837,STORE_28
4e5b7347-e3f8-47ab-afba-72357f86a778,C52661,0.0,2025-11-25 09:00:51.145970,STORE_34
b19b388c-b88b-4656-a2d4-c2d3deb54fea,C89495,-15.114881445381396,2025-02-28 02:36:42.553655,STORE_5
2830bfeb-7c3a-426d-8cc4-dd441fdffe7b,C71786,-92.62016385494621,2024-09-28 13:25:27.926465,STORE_22
ce024648-0abf-49e8-acd0-29576bcb2cd5,C39174,-61.50809868735044,2024-10-19 21:13:27.339948,STORE_30
9933f0d9-c3ce-4e10-b55f-c87600c7ee55,C86864,-86.98985688851623,2024-05-24 21:39:29.318003,STORE_38
a225d562-9478-434f-b53c-3b1906f90e46,C66671,-42.56788697401431,2024-11-27 01:37:26.533597,STORE_9
8752c154-8a04-4030-b7fb-c5386e238aec,C83965,184.64,2024-05-07 09:22:43.853592,STORE_5
9f4e1338-e9b7-40b2-8cd4-c16615fe3e65,C78500,-13.446319092133548,2024-07-29 20:29:23.152526,STORE_7
d938209c-3af5-4b98-9949-7954ebf75a0e,C94856,0.0,2025-08-16 21:06:16.173058,STORE_34
20808b6c-1f15-453c-9e2c-e839fb728a87,C49579,0.0,2025-04-30 13:23:46.774536,STORE_49
beccd6cf-f9ec-4814-a2c9-8d5624e5ddf0,C33192,0.0,2024-07-10 12:29:41.407346,STORE_20
80c1a761-04ab-4160-90ba-8a4282795d4d,C41895,28.73,2024-07-06 06:42:34.783082,STORE_11
92617b9d-1127-46f2-9894-d4de964a1495,C11323,-92.13098246325606,2024-07-06 04:37:45.577643,STORE_44
dad8d77a-a45e-4cc0-81c4-20016905a71b,C75937,125.92,2026-03-12 19:29:31.574420,STORE_21
d1bf89dc-9fb4-4d91-a517-5898b023f27c,C86658,430.27,2026-04-01 18:34:18.319423,STORE_38
308d5887-4dee-4860-819d-f77e2d3e0d97,C18669,366.33,2024-06-06 13:08:23.042265,STORE_45
91fd5c4d-0042-427c-865d-b7ec5b9cf414,C45750,474.87,2025-05-18 11:58:38.654144,STORE_36
a9c68c22-df9e-4c94-bdef-441e64a10023,C68620,-38.1495863721806,2025-10-29 01:19:15.474561,STORE_40
85d4de95-3719-4b86-af81-7be122f24a6e,C90758,0.0,2025-11-09 01:13:58.478476,STORE_43
67cadf77-b8f2-477a-b525-a06a024448a9,C74435,0.0,2025-07-30 00:01:18.393253,STORE_50
8c57c405-a736-4454-9c40-625308ed02b1,C36813,433.6,2026-01-09 14:01:35.804392,STORE_50
6e1c36e0-1774-4141-ae3f-075d06a07290,C27616,0.0,2025-07-24 04:33:48.568817,STORE_10
d86dda33-30da-4db7-a6d0-954fee12056d,C22878,-55.49626687091526,2024-10-15 06:24:35.087638,STORE_5
7ff5088a-7ba7-4dea-b3d5-a996fe4e49da,C17310,0.0,2026-03-25 22:10:59.443467,STORE_39
c38d22f3-a712-4524-b7ad-e37110cfeca4,C57078,342.43,2026-01-12 20:54:27.132264,STORE_13
4f8f984d-a260-49ad-84f1-f5dfa9f87a18,C38953,0.0,2025-04-13 07:54:48.496632,STORE_44
27242fb5-9b79-406a-8c42-4af17fbac0bb,C72562,-7.425551792690673,2025-02-08 11:14:17.889137,STORE_37
ac3435c2-6fc0-41a4-b869-f5271d5f3f8b,C41267,-58.833857223208724,2026-02-24 02:28:06.870839,STORE_19
6f76f00f-ac0d-4b97-a3cf-87311fb10d4a,C21532,259.01,2024-11-18 05:20:35.018979,STORE_14
02e74711-9376-4294-81d6-816ff1548f0a,C29361,-92.8054472414029,2025-04-28 09:31:29.478571,STORE_50
f35fa1b4-7244-4c9d-958f-7c3c0670a0ac,C68622,-67.74700935836951,2024-08-03 14:17:59.862388,STORE_29
c1489cc2-ba73-4df8-8391-0603b6dc8819,C10252,0.0,2025-11-06 00:57:48.802387,STORE_29
5ccf72fa-3476-4156-b5c9-280843e87315,C51069,273.79,2024-04-09 02:36:13.094177,STORE_1
80de03e9-1ab6-446c-b528-b05ee1e17f16,C70333,0.0,2025-05-03 23:00:01.617707,STORE_16
d539cfe6-f8cd-4081-bde7-d2c35a445f03,C96537,148.27,2024-07-17 11:41:43.707259,STORE_47
a0b71358-a32d-4710-a0fb-cd4dea9f496b,C44615,-47.91501514747326,2024-09-03 03:28:37.687823,STORE_21
ea885b3b-6ee8-425b-864a-4a65d5cfa81e,C21896,-6.179277273772183,2025-07-12 04:16:13.319307,STORE_5
587af1bc-7532-47a4-b706-0db3bb83b6b6,C31592,0.0,2025-09-16 19:47:44.270119,STORE_6
c404ba2b-c7a0-4f5a-86bf-4d315dd302d5,C29251,11.7,2024-04-29 16:32:20.613093,STORE_34
9db9e2d4-be7c-4a61-8515-54e1c5183979,C37569,0.0,2025-01-12 20:15:36.755968,STORE_32
d143d087-23d5-41bf-986b-56ab094c0137,C87425,-71.7235713859468,2026-03-26 05:08:25.674331,STORE_35
2588746f-585f-4e06-8c2e-058152c5e55e,C19847,458.42,2025-03-07 23:06:12.812061,STORE_42
cd31308a-648b-4059-84fb-d2d75a056a0d,C43720,90.52,2025-08-29 11:43:41.908037,STORE_33
effef2a7-d713-40e3-a785-c00e93bc5199,C91382,0.0,2026-02-09 04:02:54.727219,STORE_15
f79f2bec-7490-4faf-9ded-f220ea1fe610,C91579,413.07,2025-06-27 01:52:58.490916,STORE_2
a8db4af2-5eeb-4f3b-9994-7b0fcf21ed4c,C88451,0.0,2026-01-20 02:11:20.672836,STORE_14
0c0f1deb-721a-4b4e-8ac2-a49059f47be5,C42242,0.0,2024-12-24 02:37:41.767122,STORE_33
f79ad6d5-34ad-4adf-aa43-907aadfcda55,C52487,-91.51598867750732,2026-03-09 07:25:36.999410,STORE_7
1c8339ca-bcf0-471d-a568-076cb3b25e6c,C60821,0.0,2025-02-11 22:23:27.078036,STORE_22
cf619f81-fb4d-4627-be29-8d96ca32eff3,C51848,402.95,2024-05-26 10:58:29.708550,STORE_38
42585a28-5a3e-43db-b80f-22b56b4d870e,C77758,-86.62941756714218,2025-05-25 22:36:04.703575,STORE_42
df9e6599-7715-4280-a80d-fb2952960100,C81288,271.85,2025-12-12 07:18:05.422088,STORE_21
77bcaa2e-79c5-4cae-9cba-325d25a162d2,C43692,55.27,2025-11-27 19:07:45.028231,STORE_35
f8de33ab-6d92-46ba-b4fa-c2d84b228757,C15969,-90.91960698908673,2024-07-07 03:43:04.594866,STORE_42
d1a78ad6-da9c-4d90-9a74-81591af15b84,C23421,0.0,2024-08-14 06:58:40.209892,STORE_26
208e571b-fd05-49f8-a287-3e4adfc135b8,C62043,0.0,2025-07-31 03:14:31.338581,STORE_22
102bd184-e80e-4d27-b42e-5dc4be9c5448,C47409,0.0,2025-02-28 16:04:27.045901,STORE_18
b5c1c8fa-9b95-45a1-a30f-8db4de08fde6,C14331,198.85,2025-09-10 07:27:56.791779,STORE_13
9a5aaa0b-e8d0-46a8-8aba-ccb91863ab0e,C58604,435.38,2025-04-08 00:56:42.021177,STORE_13
0cacec57-e998-438f-aea4-e16b6f9c09a9,C18196,-19.441308545161654,2025-03-03 15:22:01.991582,STORE_19
421b3237-3096-41fe-a17e-fea1f8d48cbb,C83507,471.47,2026-01-01 03:31:41.597728,STORE_41
738b5ff6-bbeb-4e57-a3b5-3d5181b3915e,C31786,493.01,2024-12-17 11:46:52.065430,STORE_27
d7f43220-6abf-4de6-a195-c978328ceefb,C92994,166.17,2025-05-09 07:41:09.807377,STORE_41
a3e64512-be35-4b01-83c2-7cab90741601,C38127,0.0,2024-05-26 20:45:05.576822,STORE_49
1e85ab9b-1fa6-4d62-943c-2e1b781c7f56,C84418,-67.308849952061,2025-05-27 10:38:49.090950,STORE_45
dac173b6-edcc-4b58-82f7-2fd82f218a88,C19689,0.0,2025-02-14 07:38:13.537612,STORE_5
cdb26ec0-e751-411e-af6b-2fbee744d4ae,C14929,0.0,2024-06-03 08:06:08.720220,STORE_49
bf4686bb-fb4e-4e73-9ea1-fc26c8c14784,C65651,417.59,2025-09-23 06:40:46.212054,STORE_22
2329964d-51f9-42dc-b4ae-a3afc9460923,C10425,337.8,2025-03-12 16:59:48.060088,STORE_49
015d9781-ad80-4a20-a49e-a85c4ebeb120,C68751,-78.88898360778022,2024-08-27 01:30:04.136025,STORE_20
ee7ab5eb-5132-42b5-b71e-96a1c4a49ee6,C10099,0.0,2025-08-03 14:41:38.845679,STORE_28
b7f0f628-bec5-42ce-8996-afd4ec0e099c,C76642,250.77,2024-07-30 10:00:43.124053,STORE_22
6495e9dc-94c6-4c81-b22f-50b72e641684,C41258,0.0,2025-03-18 13:43:57.775482,STORE_50
a8180d7b-b605-4b5d-a922-104aac7fbacc,C74779,0.0,2024-04-18 16:57:23.237620,STORE_13
2f1066b9-962e-48eb-ae5f-82a1f497987e,C81063,0.0,2025-06-09 08:17:26.712144,STORE_1
ed8eb31b-351f-4a73-a3b8-8c78bb2850af,C59302,0.0,2024-06-15 12:08:49.289808,STORE_31
4fcb2def-9601-472f-9102-dc5b757d8d61,C49185,343.11,2025-09-26 09:30:44.440996,STORE_41
bc6a3073-d601-4c55-ae53-da3e3760a792,C56462,0.0,2024-05-02 04:33:55.922683,STORE_40
9b6c390e-160f-4e93-b8d3-6526ad933658,C22635,176.5,2026-01-25 22:17:41.604958,STORE_32
5aacec37-345a-448c-b5ee-8867f36ab7b8,C94135,88.07,2025-07-04 08:00:40.379990,STORE_18
b51f9886-3e09-4d2a-adef-98f36fa64a37,C24382,0.0,2024-07-29 21:37:17.836033,STORE_15
718e3001-8c68-4eb0-9bb7-ec5a911a32f6,C94274,-9.708816722710996,2026-02-18 01:44:07.228769,STORE_31
0f99006f-6295-48f9-bd8f-1e58b433d761,C68713,0.0,2024-10-19 13:18:20.057481,STORE_15
b0274480-2ebd-48e4-8de7-ec31829eda3e,C96162,49.65,2024-10-29 13:48:59.903601,STORE_12
07448d5d-28d7-4cd5-b4b7-427a8125c3d6,C99538,0.0,2025-04-14 15:11:31.561225,STORE_28
b12ef2e0-6f5a-4f33-a55f-310eaa598749,C26451,0.0,2026-02-25 19:59:53.277666,STORE_19
3f495714-2987-4619-9f12-bb606c59c25d,C60295,-35.42779752278111,2024-04-26 11:09:32.210140,STORE_48
8403f17d-2a90-4348-805b-acc10e51c861,C38900,0.0,2024-09-05 18:19:38.261501,STORE_47
488f0779-f892-44c8-9948-cb147143aa74,C70730,224.0,2026-02-11 20:23:34.154493,STORE_42
6bf8b5cf-d3cf-4bc0-850d-c7af61383338,C73175,0.0,2025-09-02 23:19:35.158134,STORE_9
6ee7aa9b-fd2b-44e8-be4b-ce77df671127,C86868,237.63,2024-04-24 05:37:34.839096,STORE_20
f0e4906c-d94e-4b4a-bd13-e7cb3f4b6530,C70948,-21.599212081145662,2024-09-19 11:18:17.392899,STORE_45
c9c3eb34-a726-43a1-a356-4dc7af5a2c18,C13429,0.0,2024-09-24 04:43:07.992231,STORE_25
bdc202ea-b824-4e7e-993d-a7418ee35f7c,C11293,28.8,2025-08-15 23:57:59.430612,STORE_1
d9eb3ba4-9a80-4ded-8c38-6eb517be675d,C84866,-10.425833738240078,2024-04-23 18:10:05.871239,STORE_9
f53a1f71-1dc8-40f4-9afb-9174a8a4ff51,C48238,-23.06797508403675,2024-09-02 09:39:26.827137,STORE_33
cd2f9bcf-e9b3-4535-9f5e-005257a2c9e9,C22212,0.0,2025-01-18 03:43:16.219902,STORE_30
06c0f50e-e1db-4463-9520-68f9500109da,C81091,37.9,2024-11-14 10:47:44.590104,STORE_40
936d3dbd-64fb-41d9-a398-aa63559c1ad9,C11965,34.85,2025-03-07 01:32:43.568172,STORE_36
289a4a7b-1d5c-4f37-9423-6e157159cb87,C43444,-33.23303368857304,2025-10-19 03:42:21.544599,STORE_10
c843ed15-c1f2-4018-a736-06562e4b3f72,C15989,0.0,2024-09-27 09:22:54.414730,STORE_39
aa4ad1d8-dbe5-4784-a7ca-c7a57e2683cf,C40378,0.0,2024-07-15 22:05:52.078938,STORE_2
c53bc972-748e-4cb4-b1dd-4635d1c4680b,C44962,-97.2222124530327,2025-12-17 18:14:13.902464,STORE_20
10530225-2b01-4d36-901f-beda6345f4af,C30388,-89.94379576417265,2024-08-23 16:14:43.755973,STORE_23
bc2536e7-7e82-4702-a2de-d0e2b528a2e8,C60467,0.0,2025-01-30 18:57:59.337172,STORE_25
426c891e-720c-4d99-a391-818e4b3374b9,C71639,-21.93538704184111,2026-01-31 02:27:19.616862,STORE_41
9b8cf984-a49d-4987-ada0-44fb6c7fec90,C25586,111.8,2026-01-28 18:02:15.520120,STORE_23
88e06943-6b70-4919-9066-513940ff2bca,C74554,-77.96262182355287,2025-07-02 04:58:00.259378,STORE_35
686d69e3-76ae-4b63-8a48-d774eecd89fb,C63314,195.3,2024-06-18 21:29:29.194947,STORE_18
7ee918b4-98a4-44ab-adfa-6d0147c85530,C53357,-34.200602183728314,2026-01-07 20:44:34.132320,STORE_46
192322c5-30b2-42f6-a52c-eb855c863015,C43956,0.0,2025-09-19 17:26:13.827871,STORE_41
ee84a5f3-7e6f-47a7-8c3d-40060bed6209,C54345,326.73,2025-01-23 23:14:04.738688,STORE_31
39ae2252-5b30-4b45-9f1a-743a07749a26,C67652,-68.18886423950767,2024-04-25 14:01:02.684003,STORE_32
05da3911-c58a-400e-8e32-9b4335fb234d,C17283,299.53,2024-08-27 07:38:20.610982,STORE_49
fbc450ed-ceb6-43a5-94fc-560432747d7f,C29008,363.5,2024-07-05 00:09:22.693632,STORE_25
e80fb9a5-0340-436d-b0fa-44bcfd312cac,C49055,371.22,2025-04-05 13:26:01.774210,STORE_38
95d2bfe6-53d6-4950-a795-0f6e02eae332,C89863,-63.783151534423595,2024-11-14 07:16:39.644603,STORE_47
5a035b80-fe1a-4a59-bc55-0551a000f0d0,C48109,-53.78365200655622,2024-05-24 17:33:44.380493,STORE_2
64a0c15c-27ee-493a-a86b-3de8ef072224,C91180,-3.841305645466966,2026-02-16 08:00:34.736119,STORE_4
0b53699f-3728-4b22-b1c3-45967bef537b,C90100,-74.50339982239217,2025-08-15 12:12:21.547748,STORE_17
624dbe2c-4e47-4342-9785-83079fb6f4c5,C62035,215.36,2024-10-26 03:13:27.105352,STORE_17
dccabf68-ba9e-4aeb-8c86-e07248edaf56,C10000,0.0,2025-12-18 10:42:52.317351,STORE_35
bd13f394-f9d2-40b2-8285-fb5569f0dbc6,C34120,-42.67158022416723,2025-11-25 10:49:25.137695,STORE_18
170679f3-8e3c-4bac-b2ad-289383ecc96a,C77769,421.63,2025-09-22 06:19:38.542581,STORE_14
b0b83d4f-c1d3-41ad-996b-adf0d6fe51a0,C47066,0.0,2025-10-19 09:03:23.139331,STORE_1
7a9dfbf3-8db9-4c22-9460-c7a556aa2975,C28421,0.0,2025-05-20 17:15:00.985831,STORE_5
69194653-2160-4acc-8499-0afa28a59d96,C24907,395.97,2024-09-23 12:52:41.938673,STORE_11
bd37c99e-3487-4092-b750-ad258d0eeb18,C96412,200.53,2025-08-14 18:23:41.525317,STORE_12
d2a962b9-0eb3-44b1-9717-dbe04379c3ef,C44458,368.48,2026-02-08 23:25:27.203722,STORE_47
b195f638-0d7c-4bf9-94d8-1d7c49d657bf,C88468,-22.49698990409972,2024-09-28 06:03:34.533769,STORE_45
14e753ea-5267-4a11-b0a0-6bd0c9266ac2,C59538,0.0,2025-07-22 12:03:25.230547,STORE_14
931daf27-1d8f-486e-9ef9-a8c3a965dfbc,C18302,0.0,2025-10-28 07:37:20.662961,STORE_19
b093fd83-e4d3-4dc4-9710-9313e9183127,C49686,105.46,2025-11-13 10:23:14.417927,STORE_48
6827d04f-284b-4727-bace-919dcf408397,C54815,398.78,2025-03-14 20:54:11.490066,STORE_6
640ead0c-77cc-44b5-b436-aa49e81dbd51,C71534,434.5,2026-03-31 01:51:36.649493,STORE_40
09b6f387-1237-4758-b965-19374e655b33,C11349,-56.40098608886078,2025-11-19 03:59:33.353917,STORE_40
ac4da784-4d16-4629-9011-639ec10c914a,C61112,0.0,2025-10-07 03:01:40.674170,STORE_25
34eb675c-4533-4b1f-a752-523bd6e60c10,C14293,-31.444739944357625,2025-05-19 20:00:24.718014,STORE_49
87a0cf39-6bbd-4edc-b520-4b8bd5ec93a5,C69717,-31.50961001926612,2025-10-08 20:37:14.083337,STORE_21
8454bdca-a6ad-4555-98d5-526ce3e93244,C63704,-92.2352769573503,2026-02-02 19:48:00.574941,STORE_18
c8301521-a328-4141-9dfe-083e8833e885,C33590,0.0,2025-08-11 02:20:20.512505,STORE_7
b7926f0d-0707-410c-b76b-a828641ff4ae,C50540,0.0,2024-04-16 00:57:12.010949,STORE_5
e1851588-55af-4010-a231-a236f5ca14ac,C30060,-39.124805764586014,2024-06-17 01:31:21.960676,STORE_9
841103cd-65b4-47d5-912d-3da6cffdc835,C67969,234.33,2025-08-12 14:54:59.804645,STORE_26
7652153d-b7d2-4bf4-9a5c-a8b2310220af,C57828,0.0,2025-10-06 03:07:35.512084,STORE_3
ef002d43-6c9c-4890-93a2-d04c98bf513f,C31028,283.74,2026-01-30 03:58:35.951973,STORE_48
cf124254-6740-4704-8762-6c33ec658390,C48716,220.31,2025-05-29 23:08:12.739737,STORE_29
ca055314-27a1-4e5e-a5e7-128e8efdb4d0,C70542,-90.62924924723438,2025-07-09 10:32:25.948927,STORE_34
53717c37-b3a2-4ae9-b7e8-a4d6bc8fec16,C54824,0.0,2025-05-12 12:44:41.681857,STORE_40
00c0e158-d0c7-42e3-891e-4b451e2ebc6e,C97407,23.06,2025-06-28 08:44:52.703515,STORE_28
6b69c942-e4f2-456a-8c89-b16bfbc8647f,C51158,0.0,2026-01-30 17:10:44.849838,STORE_1
2473dabc-79c8-420f-8d24-983811e968d1,C27746,413.51,2025-11-27 07:35:42.179502,STORE_28
3f3bd8db-9786-429e-ac05-3dc18c7334d9,C68700,104.17,2025-03-04 00:03:33.581320,STORE_29
ea2dbd06-a216-4563-afa0-fb943baae974,C55727,-64.16469652094355,2026-02-10 01:38:34.312813,STORE_6
67ed96aa-73c1-49d6-8e53-cb8fe08c5534,C89312,-68.8412152981411,2025-03-04 11:59:53.808424,STORE_12
ec2d6de7-afc4-4c0d-9609-7c4e9ec08241,C29060,0.0,2024-11-21 15:13:36.202556,STORE_26
4b0b6694-6a25-4921-9cc8-64c23badea29,C51196,0.0,2025-07-16 10:29:40.051084,STORE_7
29745a2a-31fa-420e-ab86-06c933d96583,C50869,0.0,2024-04-30 22:39:49.234646,STORE_6
3832df2b-e817-4d9a-841f-7b68cda02e0e,C37132,0.0,2024-08-08 06:13:32.627446,STORE_15
60a84226-cede-43cd-8c68-b7de247a0dc3,C94875,0.0,2025-09-20 09:28:11.229741,STORE_47
6aa754ba-f0c3-4f43-b5d2-45ef31a32e1b,C75387,-26.524496626494994,2025-06-02 07:56:43.250763,STORE_43
f779a6bb-99c5-494c-87ad-6f127658318b,C21711,0.0,2026-01-06 09:07:19.535418,STORE_50
59eb05e4-0eb7-46b4-955e-def83dadd039,C32496,257.63,2025-03-22 08:58:06.115352,STORE_34
e409454b-30ba-462c-9778-e2e8144e976b,C63617,0.0,2024-10-19 23:07:13.177886,STORE_34
7530e207-5298-4fec-a255-027af49c430f,C98963,0.0,2025-03-02 12:40:56.124637,STORE_19
11857e80-6fc5-4857-a554-eecaecafd4b1,C55545,205.13,2024-12-15 07:00:00.158838,STORE_4
6d70ebbf-2b71-4d3a-8893-631b6e6a91a0,C90068,0.0,2024-11-10 08:27:09.059967,STORE_29
087b4fc5-e899-45e9-bda4-b0dfe846977d,C75675,0.0,2024-07-23 06:36:09.987946,STORE_1
5a709156-f117-449b-a0a5-832418f48c3c,C22207,0.0,2025-12-17 00:39:30.283531,STORE_35
6c7079df-0df1-45ed-9151-1916b957f962,C78279,-64.28225262509869,2025-10-07 02:00:40.565516,STORE_34
4b8e97a1-2704-4241-90a7-c71cce8400d6,C92290,190.63,2024-04-20 21:36:45.818540,STORE_7
1a3eaec0-a875-449c-a1e9-8a7d2a0f0892,C48192,-4.03686409500725,2025-11-18 08:08:32.788974,STORE_35
8f4955f7-0132-41d0-8cfe-fbb1129841cc,C92877,229.24,2024-12-29 21:49:22.200921,STORE_48
3ffd559b-b154-4ae3-9950-5fc0d72885e8,C39296,0.0,2026-03-29 14:03:11.506050,STORE_31
18f2be7b-02ee-480e-a067-7ebe0434cf29,C69997,0.0,2025-08-09 18:02:17.188710,STORE_42
a1f06da1-c442-4419-877c-5c8ea62c39c3,C28841,0.0,2026-01-15 02:19:08.683536,STORE_35
7da6bb2b-67ad-4060-9cb3-835696aa6add,C83330,-49.027400897811305,2024-05-14 21:47:38.038316,STORE_13
5e11c777-fb72-44ef-a41a-23665e1bdc0e,C78758,-24.656105794487488,2024-09-20 10:06:10.565143,STORE_21
f142235a-7d6e-418e-8966-4510123e7d96,C71805,0.0,2025-09-06 22:44:03.835203,STORE_40
abf8f049-301d-47db-80e0-edfb898931a8,C60451,0.0,2024-07-05 02:02:25.123661,STORE_45
6ce90cc6-8a57-4dc0-84a1-b54c3032b82d,C36038,0.0,2024-08-15 22:46:01.771208,STORE_48
ea50731c-830a-4023-bb90-b51cc6592579,C82865,111.75,2025-09-01 10:59:08.880539,STORE_22
3f3582e6-3aea-462c-b00a-c7175fbe5abe,C57413,303.15,2025-01-27 22:54:25.213367,STORE_43
dd04f09e-8ef9-4e1f-a46c-13d9b772896f,C46711,311.58,2024-05-05 06:48:22.939137,STORE_41
2826d5cf-c15c-4933-8796-19bd61f67a2b,C56244,-5.825766525785383,2024-04-21 02:23:47.428213,STORE_38
f1823f91-051f-41cf-8b13-7f95009eedc7,C50711,434.61,2025-09-02 01:07:10.282102,STORE_29
a711c1de-7da5-4e6f-8520-93063891d631,C87087,0.0,2025-12-04 03:48:32.210104,STORE_42
7701905e-4dc6-4a0a-b8c6-4ae6d1a85f2f,C35573,108.2,2025-10-25 04:34:11.994927,STORE_8
dbe20934-6347-4a3e-9a22-1b824077d77b,C78524,238.5,2024-10-05 06:20:05.840874,STORE_42
f502bf12-a5b0-45a8-88be-62e3bf0c6a69,C87265,114.62,2025-11-30 20:34:38.004925,STORE_44
2d7f7dc1-99e7-47ce-a5b8-73d12824c5de,C58803,0.0,2025-11-07 18:29:53.760897,STORE_1
208e62b7-c423-4209-9768-5f088ef60a68,C19518,0.0,2025-03-10 11:29:08.198585,STORE_36
a86a464e-7737-4bd7-9905-2c31ddc8c153,C31830,-47.05364105008482,2026-02-27 11:54:13.205861,STORE_23
ffb7404c-5b42-45fa-9fd5-af1d570873e4,C96407,0.0,2025-10-11 15:22:46.637535,STORE_21
84666989-4027-46b6-af2e-2bd597162838,C88829,-48.84871461073138,2024-06-01 06:13:48.260263,STORE_48
cc27d21e-b4af-499f-a956-c0e60df1ff31,C93344,0.0,2025-03-04 16:55:13.810088,STORE_39
4aa45f26-31d5-4929-9a60-49ba7e3a8427,C72765,0.0,2025-05-15 21:32:38.554260,STORE_20
599c73f7-8f5b-46b3-b9e0-4d8e760232d2,C56721,460.12,2024-07-31 00:23:21.916806,STORE_44
ccea31a3-5042-4e14-8601-1de8d5f5a5d1,C24231,0.0,2025-12-16 06:07:46.908245,STORE_43
b8604268-a6b5-41e5-abdf-7d1270d1a624,C84760,108.78,2024-11-21 12:34:08.175932,STORE_24
894825ad-5352-405d-b7f8-b1bb9e351b0b,C23215,-4.357507609794659,2025-07-09 15:05:38.012969,STORE_45
8105833d-0070-4045-a88e-3dd023225411,C39955,-64.85520827627934,2024-04-29 09:28:45.627742,STORE_37
784e5132-a672-4f66-a04d-33212dce2cad,C64646,-2.9915690778720005,2024-11-22 14:58:55.007607,STORE_19
9a08c4c2-5e40-4af9-bb2e-73bee061cf14,C97337,182.31,2025-01-08 04:47:55.289762,STORE_50
5f151b1d-43a6-4f28-a47c-8d951a0d6dcb,C89063,145.48,2024-09-24 22:12:53.534139,STORE_44
cca33307-785d-4c82-8de7-d6ed7629727a,C74291,0.0,2024-11-20 01:53:28.961145,STORE_19
35300b1b-e8c4-4941-a2fa-5612cb592f31,C65281,38.81,2024-06-11 17:51:39.445049,STORE_25
b08ce493-9082-4fa9-95b2-3bd0ea2c986e,C64042,-63.105207208921854,2024-11-20 14:40:28.259713,STORE_50
f624d9e9-7dda-4006-8b66-724eff4d3f79,C87577,-86.32815418554053,2024-08-10 22:54:52.003843,STORE_35
edd841a5-6d67-44fa-89b6-eed6dc80f9ba,C37889,0.0,2025-12-16 18:48:06.956312,STORE_30
436f6aea-cd89-436c-ba74-7dc360d69a8c,C60745,0.0,2024-05-25 04:31:10.331071,STORE_18
04b436a6-6522-4b7b-a110-22188232473e,C66999,0.0,2024-10-08 14:31:49.859693,STORE_14
59bed8c9-f927-4f17-a717-589ac4bc396a,C39679,0.0,2025-05-17 04:43:00.511119,STORE_50
02202149-e4af-4a92-8993-d9cef33bd1f4,C17833,0.0,2024-09-08 22:14:53.549741,STORE_47
52cac571-d474-4ccf-b8cf-03998eb37de5,C40636,0.0,2025-08-01 07:07:29.421111,STORE_3
ff89b9ff-b75d-4032-bfb2-114a25efa5e6,C75535,0.0,2024-04-05 23:34:46.476879,STORE_3
323ebabd-50ab-479a-b8f2-d897b829851c,C63464,0.0,2024-12-18 03:54:59.714374,STORE_1
f0ba7c3b-a738-446a-b726-26785e43c397,C27817,-78.91988266520359,2025-07-07 23:25:18.130693,STORE_11
5487f153-0006-471f-a54f-3739537074ba,C97038,200.97,2025-02-19 20:22:58.670567,STORE_41
2d3084dc-cddc-4ab2-b180-f7c3c98d5849,C83627,0.0,2025-05-10 16:54:19.608563,STORE_7
b6e69130-83c5-42a4-a79d-8abca7e4e0c8,C28754,-80.74358789488035,2024-07-24 09:54:52.365797,STORE_2
f8c815ac-011c-45aa-843c-c9dce7cb2cf2,C77655,0.0,2025-07-11 08:33:57.380821,STORE_38
2dc38036-b13c-498e-961a-adb858af86c4,C79659,-51.63668427755072,2024-07-27 04:29:23.527664,STORE_46
a6cfd400-7a63-444c-bdc9-ba77f497a3ae,C84924,178.14,2026-01-30 05:53:48.410775,STORE_25
a6b09aa7-db7b-4303-9d53-e1e34eca122f,C17310,100.77,2024-04-08 23:56:22.962041,STORE_47
251be721-b0bf-4091-afd6-330e8d3d356b,C26964,-83.84082923408224,2024-08-02 05:04:15.607183,STORE_33
9fb24faf-6927-46b3-b860-417b6b1339af,C95903,0.0,2024-11-21 09:30:27.840295,STORE_38
09c7ac05-f88e-41ab-b668-1cd45d58bb63,C58069,0.0,2025-01-21 09:10:48.454616,STORE_35
4766fd22-526f-4215-9946-683c039fb816,C30161,79.17,2026-01-19 03:23:28.427028,STORE_24
ba3135aa-4166-4578-87ca-32b33710a463,C53621,479.58,2024-08-08 10:25:33.713559,STORE_41
fe995625-bffa-4aaf-8adc-3cd31377d18f,C33610,0.0,2025-06-22 03:38:55.873349,STORE_4
d070d052-0ab9-4644-be4e-35f707e07097,C72103,258.18,2025-10-23 05:56:55.061414,STORE_22
40f483be-98b1-44e3-8b1c-6b999aeaae36,C94905,0.0,2025-01-03 02:07:31.775840,STORE_41
45cd84c4-365d-4ad4-b716-c1a6035d5b9a,C75797,-4.386326648587863,2024-09-19 11:24:21.151650,STORE_15
15722234-f8b7-441f-ad3f-26ff0ceed76e,C33584,114.99,2025-08-03 17:59:32.520690,STORE_31
039234cf-4c81-4a05-a532-0ceb5baa25b9,C82189,0.0,2025-01-16 14:38:58.986843,STORE_34
f7d0c851-e93b-4e7c-9bcd-550c4919c4c7,C37581,-24.12326946915582,2024-10-27 04:07:37.548665,STORE_10
91ae3d36-d109-4576-a2ce-c357b62bdf6c,C72032,182.24,2025-06-02 09:12:37.859407,STORE_33
5ecd261b-da22-4ff9-8cce-451bf6e3e491,C23711,-51.0427320652007,2024-12-17 06:13:28.364866,STORE_16
1d923a59-4aea-46ac-a276-ebf7073fa0ed,C87790,0.0,2024-10-13 19:01:00.003060,STORE_2
ec895574-bf33-46c3-b3c1-3f767ede3747,C37682,347.39,2025-11-12 16:48:21.660116,STORE_34
7157b34e-c8b8-4b4c-9e8b-37e58e258512,C49941,269.09,2025-04-26 05:02:03.230270,STORE_49
ad007006-0040-4329-9d8d-d3f9eae536e2,C59626,265.32,2024-10-02 19:31:03.463355,STORE_10
1998f0d1-7ec3-409f-b964-565379889f56,C56182,-70.01757112855177,2025-11-13 23:42:18.984512,STORE_14
1fe68c48-dcf1-4006-b96c-9efe96a7a223,C49401,0.0,2026-01-16 02:32:56.797609,STORE_48
f7beab4f-125e-49a3-a155-c068dad29ae5,C54231,0.0,2024-07-14 02:05:34.823887,STORE_31
b0e91878-de5c-45c9-b661-dec611da5e74,C43260,0.0,2025-06-24 21:34:23.288644,STORE_28
338b19d0-e6fe-4946-b4f6-cf3b1cc7358f,C84973,-61.6351198464962,2026-03-28 09:19:17.188199,STORE_6
c82c40c7-4def-4316-ad6b-a8b3894d8420,C49288,132.07,2025-07-02 02:04:22.209361,STORE_13
cdc0e1ba-a04b-45b1-afc7-080547ac9c45,C74229,-56.98117233285725,2025-12-08 06:02:06.778165,STORE_49
cf82a0bf-c726-43b4-bdf6-0e82ab186c2b,C83618,-77.45495181717338,2025-12-27 15:40:48.287929,STORE_18
41e74d14-4c3a-4e06-8661-cb708105dc46,C68769,294.44,2026-03-06 10:41:16.124922,STORE_40
98b75c5d-d5d4-42e4-9f8f-b4645c0cc1f6,C77361,0.0,2025-10-27 18:32:04.588812,STORE_24
508b3395-8831-457a-b5b6-02dc91423017,C69816,0.0,2024-08-18 02:59:08.995757,STORE_23
f0bfff56-8ded-4a67-8212-179fea7ae441,C54639,35.86,2025-12-23 05:22:11.229398,STORE_31
7a90f8b1-2458-4369-a8eb-0d5eb8fe235b,C70673,-54.696521081949015,2025-10-24 12:47:27.582165,STORE_22
2b43a338-b129-44eb-956b-71331c77c57a,C91598,0.0,2024-09-24 19:23:59.193029,STORE_32
185c0ea1-77b6-45a9-b6ac-7457fa365573,C98056,321.12,2024-09-07 12:22:57.512218,STORE_33
386cc576-3c13-4c78-8af7-f3cb8749e165,C14975,0.0,2025-07-11 05:50:48.237075,STORE_41
e7b4f9e0-3d72-4dbb-aa13-1a58372e70c5,C36629,0.0,2025-04-24 19:56:43.529168,STORE_35
5b5f0b2a-9ec2-4e52-82e1-4e61989b476b,C41469,0.0,2025-04-25 09:51:11.748354,STORE_29
3d6a347a-b40f-4de2-ae9d-fcda78250e73,C41039,158.47,2024-09-01 22:29:28.676999,STORE_46
a2855c79-7d82-4e35-8630-bf26285810cf,C66293,-8.61677872389635,2024-07-26 13:10:26.177021,STORE_44
77922313-2c7e-40f0-8ff0-bcadc2c2bbff,C96119,-14.620367530124765,2026-03-12 11:16:01.406689,STORE_29
dee09b93-25d1-4a8f-a9a7-4636c58c5293,C16894,-6.842688288741556,2024-11-19 07:47:47.583798,STORE_20
b6fa0572-8a3f-451e-88cc-ed5dd5f93590,C56964,-81.79732974192332,2025-11-26 19:16:57.246264,STORE_17
aea37274-593a-40e5-84b5-af2af410fdcd,C50445,-85.39394944820448,2026-02-06 16:45:44.071339,STORE_19
2415e6ab-9763-461d-aa5f-154bb618ddb1,C10359,470.62,2025-08-16 18:48:15.214848,STORE_34
87d80333-569e-444c-a464-4ae9caf579c1,C52946,-98.7074066018842,2024-09-26 20:56:01.314503,STORE_12
b2850acd-fa2a-46d8-93fc-2bd9f3921ff4,C12542,-47.9121948133198,2026-02-20 19:05:18.728621,STORE_35
769d3ef2-43f8-4f89-b7bc-e998c8156bc6,C41312,-79.8335051965085,2025-04-15 22:58:29.496977,STORE_33
4fe707c3-529e-4a1a-b4d5-2c8ca98b5a20,C35341,-90.05614521251188,2025-05-13 09:52:42.589908,STORE_44
c849146e-8996-4e12-b59b-eae27978bc39,C50611,0.0,2024-06-08 19:41:10.178011,STORE_9
aeef6c01-d47e-4212-9c11-5ad22c6f8838,C20399,203.17,2024-06-06 17:18:39.081924,STORE_32
3c0431f1-c200-4cb6-a499-b6020777d7f5,C45409,365.56,2026-01-11 20:25:11.670156,STORE_39
4ad6fb05-ee5c-4b6c-86a3-aee0ad24c202,C62803,-28.327689451935935,2024-11-23 06:05:19.545098,STORE_2
60fe3204-c4de-44d4-8862-1ce3a2df0c36,C67551,143.95,2024-12-02 15:14:35.886081,STORE_19
8bac8454-216a-4a5a-9a70-cbfcd78bd669,C18094,-56.21348403907942,2025-04-06 20:00:00.913962,STORE_22
b014281e-fca2-4186-97e6-5fb97fd9d3d7,C65939,0.0,2024-06-22 06:25:15.201222,STORE_24
475fb71f-264c-4eca-9595-1ab9b2923566,C56353,0.0,2025-02-03 13:47:37.154913,STORE_18
77442c92-a391-4f6f-9a42-9f215e8ac32d,C99132,-62.844411526621954,2024-10-30 05:14:59.545447,STORE_44
4f0c3fd3-e4df-4671-a522-83027446ad45,C71548,0.0,2024-05-14 14:02:19.126963,STORE_1
9aa33cc8-1215-4b94-9c7e-7bcf990abad8,C88848,0.0,2024-05-18 20:10:35.537324,STORE_44
92e629a1-c0b9-4c8e-bde1-bcac5fe05c00,C44572,411.04,2025-03-23 09:59:36.891437,STORE_48
341e2f4e-7c83-44df-a4de-1fa7b131e677,C82581,-59.56153549371659,2025-04-27 13:14:21.441245,STORE_3
9242c8a4-1e72-4c39-b77f-2040f1967638,C57229,0.0,2026-01-11 13:16:02.523019,STORE_45
9ef17711-7ac1-466e-bd9d-27f34e11659a,C32856,0.0,2025-11-21 10:31:34.556745,STORE_9
9643a6ca-befa-4410-875b-a270e43fecbd,C81778,-89.61785390569631,2025-10-26 15:20:05.415206,STORE_14
a70865c7-bee3-4df2-9f7a-8ca1d6898de9,C97887,78.13,2025-10-11 14:42:42.802563,STORE_27
703459a9-4528-47de-bb16-050b1f1c0402,C45868,-6.84154294630204,2024-08-13 04:48:57.345297,STORE_44
757dd1c2-4a6e-460a-a2ca-0abdd8afffb1,C88499,-31.32050750148867,2024-10-29 17:13:22.351347,STORE_16
eaa7d2dc-e66e-4777-86b1-b77cc4ffcfa6,C67639,95.1,2024-05-04 23:09:21.030279,STORE_4
8f46ab8c-a259-4654-ad6c-2cab2983eb02,C78833,220.51,2025-10-19 14:21:02.443914,STORE_45
f4eb8671-2332-456f-85fb-06ced64b78b3,C50358,499.43,2026-02-21 12:51:11.041014,STORE_50
